0x0	__function_selector__
0x65	WETH_ADDRESS()
0xa3	ADDRESSES_PROVIDER()
0xd7	call(address,uint256,bytes)
0xf7	executeOperation(address[],uint256[],uint256[],address,bytes)
0x127	LENDING_POOL()
0x15b	flashloan(uint256,bytes)
0x17d	0x17d
0x3ea	0x3ea
0x960	0x960
0x974	0x974
0x98c	0x98c
0x9d4	0x9d4
0xa2f	0xa2f
0xa5f	0xa5f
0xa8b	0xa8b
0xa9e	0xa9e
0xae2	0xae2
0xbd2	0xbd2
0xc02	0xc02
0xcd8	0xcd8
0xd13	0xd13
0xde5	0xde5
0xdfd	0xdfd
0xe20	0xe20
0xee6	0xee6
0xfb3	0xfb3
0x1025	0x1025
0x1642	()
0x1642	fallback()
