0xa45	0xa32
0xcfb	0xcec
0xcff	0xcec
0xd03	0xcec
0xd55	0xd44
0xd59	0xd44
0xd5d	0xd44
0xed3	0xe64
0xed6	0xe64
0xf78	0xf60
0xf7c	0xf60
0x1009	0x6fb
0x6fb_0x0	0x6fb
0x705_0x0	0x6fb
0x719_0x0	0x6fb
0x719_0x4	0x6fb
0x73c_0x0	0x6fb
0xa32_0x0	0xa32
0xa3b_0x0	0xa32
0xcec_0x0	0xcec
0xcf5_0x0	0xcec
0xcf5_0x1	0xcec
0xcf5_0x6	0xcec
0xd44_0x0	0xd44
0xd4d_0x0	0xd44
0xd4d_0x2	0xd44
0xd4d_0x5	0xd44
0xe64_0x0	0xe64
0xe6d_0x0	0xe64
0xecb_0x4	0xe64
0xecb_0x6	0xe64
0xf60_0x4	0xf60
0xf69_0x4	0xf60
0xf73_0x2	0xf60
0xf73_0x5	0xf60
0xff1_0x0	0x6fb
0x1005_0x1	0x6fb
