0x0	[0x0, nil]
0x4	[0x4, nil]
0x2	[0x2, nil]
0x5	[0x5, nil]
0x7	[0x7, nil]
0x8	[0x8, nil]
0x9	[0x9, nil]
0xc	[0xc, nil]
0xd	[0xd, nil]
0xf	[0xf, nil]
0x10	[0x10, nil]
0x12	[0x12, nil]
0x13	[0x13, nil]
0x14	[0x14, nil]
0x19	[0x19, nil]
0x1e	[0x1e, nil]
0x1f	[0x1f, nil]
0x24	[0x24, nil]
0x29	[0x29, nil]
0x2a	[0x2a, nil]
0x2f	[0x2f, nil]
0x34	[0x34, nil]
0x35	[0x35, nil]
0x3a	[0x3a, nil]
0x3f	[0x3f, nil]
0x40	[0x40, nil]
0x45	[0x45, nil]
0x4a	[0x4a, nil]
0x4b	[0x4b, nil]
0x50	[0x50, nil]
0x55	[0x55, nil]
0x57	[0x57, nil]
0x58	[0x58, nil]
0x59	[0x59, nil]
0x5a	[0x5a, nil]
0x5b	[0x5b, nil]
0x5e	[0x5e, nil]
0x5f	[0x5f, nil]
0x60	[0x60, nil]
0x61	[0x61, nil]
0x63	[0x63, nil]
0x64	[0x64, nil]
0x65	[0x65, nil]
0x66	[0x66, nil]
0x67	[0x67, nil]
0x68	[0x68, nil]
0x69	[0x69, nil]
0x6c	[0x6c, nil]
0x6d	[0x6d, nil]
0x6f	[0x6f, nil]
0x70	[0x70, nil]
0x71	[0x71, nil]
0x72	[0x72, nil]
0x73	[0x73, nil]
0x76	[0x76, nil]
0x8b	[0x8b, nil]
0x8c	[0x8c, nil]
0xa3	[0xa3, nil]
0xa4	[0xa4, nil]
0xa5	[0xa5, nil]
0xa6	[0xa6, nil]
0xa7	[0xa7, nil]
0xaa	[0xaa, nil]
0xab	[0xab, nil]
0xad	[0xad, nil]
0xae	[0xae, nil]
0xaf	[0xaf, nil]
0xb0	[0xb0, nil]
0xb1	[0xb1, nil]
0xb4	[0xb4, nil]
0xd5	[0xd5, nil]
0xd6	[0xd6, nil]
0xd7	[0xd7, nil]
0xd8	[0xd8, nil]
0xdb	[0xdb, nil]
0xde	[0xde, nil]
0xdf	[0xdf, nil]
0xe1	[0xe1, nil]
0xe4	[0xe4, nil]
0xe5	[0xe5, nil]
0xe6	[0xe6, nil]
0xe9	[0xe9, nil]
0xea	[0xea, nil]
0xeb	[0xeb, nil]
0xed	[0xed, nil]
0xee	[0xee, nil]
0xf1	[0xf1, nil]
0xf2	[0xf2, nil]
0xf3	[0xf3, nil]
0xf6	[0xf6, nil]
0xf7	[0xf7, nil]
0xf8	[0xf8, nil]
0xf9	[0xf9, nil]
0xfa	[0xfa, nil]
0xfb	[0xfb, nil]
0xfe	[0xfe, nil]
0xff	[0xff, nil]
0x101	[0x101, nil]
0x102	[0x102, nil]
0x103	[0x103, nil]
0x104	[0x104, nil]
0x105	[0x105, nil]
0x108	[0x108, nil]
0x10b	[0x10b, nil]
0x10c	[0x10c, nil]
0x10e	[0x10e, nil]
0x111	[0x111, nil]
0x112	[0x112, nil]
0x113	[0x113, nil]
0x116	[0x116, nil]
0x117	[0x117, nil]
0x118	[0x118, nil]
0x11a	[0x11a, nil]
0x11b	[0x11b, nil]
0x11c	[0x11c, nil]
0x11d	[0x11d, nil]
0x11e	[0x11e, nil]
0x11f	[0x11f, nil]
0x120	[0x120, nil]
0x122	[0x122, nil]
0x123	[0x123, nil]
0x126	[0x126, nil]
0x127	[0x127, nil]
0x128	[0x128, nil]
0x129	[0x129, nil]
0x12a	[0x12a, nil]
0x12b	[0x12b, nil]
0x12e	[0x12e, nil]
0x12f	[0x12f, nil]
0x131	[0x131, nil]
0x132	[0x132, nil]
0x133	[0x133, nil]
0x134	[0x134, nil]
0x135	[0x135, nil]
0x138	[0x138, nil]
0x159	[0x159, nil]
0x15a	[0x15a, nil]
0x15b	[0x15b, nil]
0x15c	[0x15c, nil]
0x15d	[0x15d, nil]
0x15e	[0x15e, nil]
0x15f	[0x15f, nil]
0x162	[0x162, nil]
0x163	[0x163, nil]
0x165	[0x165, nil]
0x166	[0x166, nil]
0x167	[0x167, nil]
0x168	[0x168, nil]
0x169	[0x169, nil]
0x16c	[0x16c, nil]
0x16f	[0x16f, nil]
0x170	[0x170, nil]
0x172	[0x172, nil]
0x175	[0x175, nil]
0x176	[0x176, nil]
0x177	[0x177, nil]
0x17a	[0x17a, nil]
0x17b	[0x17b, nil]
0x17c	[0x17c, nil]
0x17d	[0x17d, nil]
0x17e	[0x17e, nil]
0x180	[0x180, nil]
0x182	[0x182, nil]
0x184	[0x184, nil]
0x186	[0x186, nil]
0x187	[0x187, nil]
0x188	[0x188, nil]
0x189	[0x189, nil]
0x18a	[0x18a, nil]
0x18d	[0x18d, nil]
0x18e	[0x18e, nil]
0x190	[0x190, nil]
0x191	[0x191, nil]
0x195	[0x195, nil]
0x197	[0x197, nil]
0x198	[0x198, nil]
0x199	[0x199, nil]
0x19a	[0x19a, nil]
0x19c	[0x19c, nil]
0x19e	[0x19e, nil]
0x19f	[0x19f, nil]
0x1a0	[0x1a0, nil]
0x1a1	[0x1a1, nil]
0x1a3	[0x1a3, nil]
0x1a5	[0x1a5, nil]
0x1a6	[0x1a6, nil]
0x1a7	[0x1a7, nil]
0x1a8	[0x1a8, nil]
0x1b8	[0x1b8, nil]
0x1ba	[0x1ba, nil]
0x1bb	[0x1bb, nil]
0x1bd	[0x1bd, nil]
0x1be	[0x1be, nil]
0x1bf	[0x1bf, nil]
0x1c0	[0x1c0, nil]
0x1c2	[0x1c2, nil]
0x1c3	[0x1c3, nil]
0x1c4	[0x1c4, nil]
0x1c6	[0x1c6, nil]
0x1c7	[0x1c7, nil]
0x1c8	[0x1c8, nil]
0x1c9	[0x1c9, nil]
0x1ca	[0x1ca, nil]
0x1cb	[0x1cb, nil]
0x1cc	[0x1cc, nil]
0x1cd	[0x1cd, nil]
0x1cf	[0x1cf, nil]
0x1d0	[0x1d0, nil]
0x1d1	[0x1d1, nil]
0x1d3	[0x1d3, nil]
0x1d5	[0x1d5, nil]
0x1d7	[0x1d7, nil]
0x1d8	[0x1d8, nil]
0x1d9	[0x1d9, nil]
0x1da	[0x1da, nil]
0x1db	[0x1db, nil]
0x1dc	[0x1dc, nil]
0x1dd	[0x1dd, nil]
0x1df	[0x1df, nil]
0x1e0	[0x1e0, nil]
0x1e3	[0x1e3, nil]
0x1e4	[0x1e4, nil]
0x1e5	[0x1e5, nil]
0x1e6	[0x1e6, nil]
0x1e9	[0x1e9, nil]
0x1ea	[0x1ea, nil]
0x1eb	[0x1eb, nil]
0x1ed	[0x1ed, nil]
0x1ef	[0x1ef, nil]
0x1f0	[0x1f0, nil]
0x1f1	[0x1f1, nil]
0x1f2	[0x1f2, nil]
0x1f3	[0x1f3, nil]
0x1f4	[0x1f4, nil]
0x1f5	[0x1f5, nil]
0x1f6	[0x1f6, nil]
0x1f7	[0x1f7, nil]
0x1f8	[0x1f8, nil]
0x1f9	[0x1f9, nil]
0x1fa	[0x1fa, nil]
0x1fb	[0x1fb, nil]
0x1fc	[0x1fc, nil]
0x1fd	[0x1fd, nil]
0x1fe	[0x1fe, nil]
0x200	[0x200, nil]
0x201	[0x201, nil]
0x202	[0x202, nil]
0x205	[0x205, nil]
0x206	[0x206, nil]
0x208	[0x208, nil]
0x209	[0x209, nil]
0x20a	[0x20a, nil]
0x20b	[0x20b, nil]
0x20d	[0x20d, nil]
0x20e	[0x20e, nil]
0x210	[0x210, nil]
0x211	[0x211, nil]
0x212	[0x212, nil]
0x213	[0x213, nil]
0x214	[0x214, nil]
0x215	[0x215, nil]
0x217	[0x217, nil]
0x218	[0x218, nil]
0x219	[0x219, nil]
0x21a	[0x21a, nil]
0x21b	[0x21b, nil]
0x21c	[0x21c, nil]
0x21e	[0x21e, nil]
0x220	[0x220, nil]
0x221	[0x221, nil]
0x222	[0x222, nil]
0x223	[0x223, nil]
0x226	[0x226, nil]
0x227	[0x227, nil]
0x228	[0x228, nil]
0x22a	[0x22a, nil]
0x22b	[0x22b, nil]
0x22c	[0x22c, nil]
0x22d	[0x22d, nil]
0x22e	[0x22e, nil]
0x22f	[0x22f, nil]
0x230	[0x230, nil]
0x231	[0x231, nil]
0x232	[0x232, nil]
0x233	[0x233, nil]
0x236	[0x236, nil]
0x237	[0x237, nil]
0x239	[0x239, nil]
0x23a	[0x23a, nil]
0x23e	[0x23e, nil]
0x240	[0x240, nil]
0x241	[0x241, nil]
0x242	[0x242, nil]
0x243	[0x243, nil]
0x245	[0x245, nil]
0x247	[0x247, nil]
0x248	[0x248, nil]
0x249	[0x249, nil]
0x24a	[0x24a, nil]
0x24c	[0x24c, nil]
0x24e	[0x24e, nil]
0x24f	[0x24f, nil]
0x250	[0x250, nil]
0x251	[0x251, nil]
0x263	[0x263, nil]
0x265	[0x265, nil]
0x266	[0x266, nil]
0x268	[0x268, nil]
0x269	[0x269, nil]
0x26a	[0x26a, nil]
0x26b	[0x26b, nil]
0x26d	[0x26d, nil]
0x26e	[0x26e, nil]
0x271	[0x271, nil]
0x272	[0x272, nil]
0x273	[0x273, nil]
0x274	[0x274, nil]
0x275	[0x275, nil]
0x276	[0x276, nil]
0x277	[0x277, nil]
0x278	[0x278, nil]
0x279	[0x279, nil]
0x27a	[0x27a, nil]
0x27b	[0x27b, nil]
0x27c	[0x27c, nil]
0x27d	[0x27d, nil]
0x27f	[0x27f, nil]
0x280	[0x280, nil]
0x282	[0x282, nil]
0x284	[0x284, nil]
0x286	[0x286, nil]
0x287	[0x287, nil]
0x288	[0x288, nil]
0x2a9	[0x2a9, nil]
0x2aa	[0x2aa, nil]
0x2ab	[0x2ab, nil]
0x2ae	[0x2ae, nil]
0x2af	[0x2af, nil]
0x2b1	[0x2b1, nil]
0x2b2	[0x2b2, nil]
0x2b6	[0x2b6, nil]
0x2b8	[0x2b8, nil]
0x2b9	[0x2b9, nil]
0x2ba	[0x2ba, nil]
0x2bb	[0x2bb, nil]
0x2bd	[0x2bd, nil]
0x2bf	[0x2bf, nil]
0x2c0	[0x2c0, nil]
0x2c1	[0x2c1, nil]
0x2c2	[0x2c2, nil]
0x2c4	[0x2c4, nil]
0x2c6	[0x2c6, nil]
0x2c7	[0x2c7, nil]
0x2c8	[0x2c8, nil]
0x2c9	[0x2c9, nil]
0x2db	[0x2db, nil]
0x2dd	[0x2dd, nil]
0x2de	[0x2de, nil]
0x2e0	[0x2e0, nil]
0x2e1	[0x2e1, nil]
0x2e2	[0x2e2, nil]
0x2e3	[0x2e3, nil]
0x2e5	[0x2e5, nil]
0x2e6	[0x2e6, nil]
0x2e9	[0x2e9, nil]
0x2ea	[0x2ea, nil]
0x2eb	[0x2eb, nil]
0x2ed	[0x2ed, nil]
0x2ef	[0x2ef, nil]
0x2f1	[0x2f1, nil]
0x2f2	[0x2f2, nil]
0x2f3	[0x2f3, nil]
0x2f4	[0x2f4, nil]
0x2f5	[0x2f5, nil]
0x2f6	[0x2f6, nil]
0x2f7	[0x2f7, nil]
0x2fa	[0x2fa, nil]
0x2fb	[0x2fb, nil]
0x2fd	[0x2fd, nil]
0x2fe	[0x2fe, nil]
0x302	[0x302, nil]
0x304	[0x304, nil]
0x305	[0x305, nil]
0x306	[0x306, nil]
0x307	[0x307, nil]
0x309	[0x309, nil]
0x30b	[0x30b, nil]
0x30c	[0x30c, nil]
0x30d	[0x30d, nil]
0x30e	[0x30e, nil]
0x310	[0x310, nil]
0x312	[0x312, nil]
0x313	[0x313, nil]
0x314	[0x314, nil]
0x315	[0x315, nil]
0x326	[0x326, nil]
0x328	[0x328, nil]
0x329	[0x329, nil]
0x32b	[0x32b, nil]
0x32c	[0x32c, nil]
0x32d	[0x32d, nil]
0x32e	[0x32e, nil]
0x330	[0x330, nil]
0x331	[0x331, nil]
0x334	[0x334, nil]
0x335	[0x335, nil]
0x336	[0x336, nil]
0x338	[0x338, nil]
0x33b	[0x33b, nil]
0x33c	[0x33c, nil]
0x33d	[0x33d, nil]
0x33f	[0x33f, nil]
0x340	[0x340, nil]
0x341	[0x341, nil]
0x342	[0x342, nil]
0x345	[0x345, nil]
0x346	[0x346, nil]
0x349	[0x349, nil]
0x34c	[0x34c, nil]
0x34d	[0x34d, nil]
0x34e	[0x34e, nil]
0x34f	[0x34f, nil]
0x350	[0x350, nil]
0x352	[0x352, nil]
0x353	[0x353, nil]
0x354	[0x354, nil]
0x355	[0x355, nil]
0x356	[0x356, nil]
0x357	[0x357, nil]
0x359	[0x359, nil]
0x35a	[0x35a, nil]
0x35b	[0x35b, nil]
0x35c	[0x35c, nil]
0x35f	[0x35f, nil]
0x360	[0x360, nil]
0x363	[0x363, nil]
0x366	[0x366, nil]
0x367	[0x367, nil]
0x368	[0x368, nil]
0x369	[0x369, nil]
0x36a	[0x36a, nil]
0x36c	[0x36c, nil]
0x36d	[0x36d, nil]
0x36e	[0x36e, nil]
0x36f	[0x36f, nil]
0x372	[0x372, nil]
0x373	[0x373, nil]
0x374	[0x374, nil]
0x375	[0x375, nil]
0x37a	[0x37a, nil]
0x37b	[0x37b, nil]
0x37c	[0x37c, nil]
0x37d	[0x37d, nil]
0x37e	[0x37e, nil]
0x37f	[0x37f, nil]
0x382	[0x382, nil]
0x383	[0x383, nil]
0x384	[0x384, nil]
0x386	[0x386, nil]
0x387	[0x387, nil]
0x388	[0x388, nil]
0x389	[0x389, nil]
0x38c	[0x38c, nil]
0x38d	[0x38d, nil]
0x390	[0x390, nil]
0x393	[0x393, nil]
0x394	[0x394, nil]
0x395	[0x395, nil]
0x396	[0x396, nil]
0x397	[0x397, nil]
0x399	[0x399, nil]
0x39a	[0x39a, nil]
0x39b	[0x39b, nil]
0x39c	[0x39c, nil]
0x39d	[0x39d, nil]
0x39e	[0x39e, nil]
0x39f	[0x39f, nil]
0x3a0	[0x3a0, nil]
0x3a2	[0x3a2, nil]
0x3a3	[0x3a3, nil]
0x3a5	[0x3a5, nil]
0x3a6	[0x3a6, nil]
0x3a7	[0x3a7, nil]
0x3a8	[0x3a8, nil]
0x3a9	[0x3a9, nil]
0x3ab	[0x3ab, nil]
0x3ac	[0x3ac, nil]
0x3ae	[0x3ae, nil]
0x3af	[0x3af, nil]
0x3b0	[0x3b0, nil]
0x3b1	[0x3b1, nil]
0x3b2	[0x3b2, nil]
0x3b4	[0x3b4, nil]
0x3b5	[0x3b5, nil]
0x3b6	[0x3b6, nil]
0x3b7	[0x3b7, nil]
0x3b8	[0x3b8, nil]
0x3b9	[0x3b9, nil]
0x3ba	[0x3ba, nil]
0x3bb	[0x3bb, nil]
0x3bc	[0x3bc, nil]
0x3bd	[0x3bd, nil]
0x3bf	[0x3bf, nil]
0x3c0	[0x3c0, nil]
0x3c1	[0x3c1, nil]
0x3c2	[0x3c2, nil]
0x3c3	[0x3c3, nil]
0x3c4	[0x3c4, nil]
0x3c5	[0x3c5, nil]
0x3c6	[0x3c6, nil]
0x3c8	[0x3c8, nil]
0x3c9	[0x3c9, nil]
0x3ca	[0x3ca, nil]
0x3cb	[0x3cb, nil]
0x3cc	[0x3cc, nil]
0x3cd	[0x3cd, nil]
0x3ce	[0x3ce, nil]
0x3cf	[0x3cf, nil]
0x3d0	[0x3d0, nil]
0x3d1	[0x3d1, nil]
0x3d2	[0x3d2, nil]
0x3d5	[0x3d5, nil]
0x3d6	[0x3d6, nil]
0x3d7	[0x3d7, nil]
0x3d8	[0x3d8, nil]
0x3d9	[0x3d9, nil]
0x3da	[0x3da, nil]
0x3db	[0x3db, nil]
0x3dd	[0x3dd, nil]
0x3de	[0x3de, nil]
0x3df	[0x3df, nil]
0x3e0	[0x3e0, nil]
0x3e1	[0x3e1, nil]
0x3e2	[0x3e2, nil]
0x3e3	[0x3e3, nil]
0x3e4	[0x3e4, nil]
0x3e5	[0x3e5, nil]
0x3e6	[0x3e6, nil]
0x3e7	[0x3e7, nil]
0x3e8	[0x3e8, nil]
0x3e9	[0x3e9, nil]
0x3ea	[0x3ea, nil]
0x3eb	[0x3eb, nil]
0x3ed	[0x3ed, nil]
0x3ee	[0x3ee, nil]
0x3ef	[0x3ef, nil]
0x3f1	[0x3f1, nil]
0x3f2	[0x3f2, nil]
0x3f3	[0x3f3, nil]
0x3f4	[0x3f4, nil]
0x3f5	[0x3f5, nil]
0x3f6	[0x3f6, nil]
0x3f7	[0x3f7, nil]
0x3f8	[0x3f8, nil]
0x3f9	[0x3f9, nil]
0x3fa	[0x3fa, nil]
0x3fb	[0x3fb, nil]
0x3fc	[0x3fc, nil]
0x3fe	[0x3fe, nil]
0x3ff	[0x3ff, nil]
0x400	[0x400, nil]
0x402	[0x402, nil]
0x403	[0x403, nil]
0x404	[0x404, nil]
0x405	[0x405, nil]
0x406	[0x406, nil]
0x407	[0x407, nil]
0x408	[0x408, nil]
0x409	[0x409, nil]
0x40a	[0x40a, nil]
0x40b	[0x40b, nil]
0x40c	[0x40c, nil]
0x40d	[0x40d, nil]
0x40e	[0x40e, nil]
0x40f	[0x40f, nil]
0x410	[0x410, nil]
0x425	[0x425, nil]
0x426	[0x426, nil]
0x428	[0x428, nil]
0x429	[0x429, nil]
0x42a	[0x42a, nil]
0x42b	[0x42b, nil]
0x42c	[0x42c, nil]
0x42f	[0x42f, nil]
0x430	[0x430, nil]
0x433	[0x433, nil]
0x436	[0x436, nil]
0x437	[0x437, nil]
0x438	[0x438, nil]
0x43a	[0x43a, nil]
0x43c	[0x43c, nil]
0x43e	[0x43e, nil]
0x43f	[0x43f, nil]
0x440	[0x440, nil]
0x441	[0x441, nil]
0x442	[0x442, nil]
0x443	[0x443, nil]
0x444	[0x444, nil]
0x446	[0x446, nil]
0x447	[0x447, nil]
0x448	[0x448, nil]
0x449	[0x449, nil]
0x44a	[0x44a, nil]
0x44b	[0x44b, nil]
0x44c	[0x44c, nil]
0x44d	[0x44d, nil]
0x44e	[0x44e, nil]
0x44f	[0x44f, nil]
0x450	[0x450, nil]
0x451	[0x451, nil]
0x453	[0x453, nil]
0x454	[0x454, nil]
0x455	[0x455, nil]
0x457	[0x457, nil]
0x458	[0x458, nil]
0x459	[0x459, nil]
0x45a	[0x45a, nil]
0x45b	[0x45b, nil]
0x45c	[0x45c, nil]
0x45d	[0x45d, nil]
0x45e	[0x45e, nil]
0x45f	[0x45f, nil]
0x460	[0x460, nil]
0x462	[0x462, nil]
0x463	[0x463, nil]
0x464	[0x464, nil]
0x466	[0x466, nil]
0x467	[0x467, nil]
0x469	[0x469, nil]
0x46a	[0x46a, nil]
0x46b	[0x46b, nil]
0x46c	[0x46c, nil]
0x46d	[0x46d, nil]
0x46e	[0x46e, nil]
0x46f	[0x46f, nil]
0x470	[0x470, nil]
0x471	[0x471, nil]
0x472	[0x472, nil]
0x473	[0x473, nil]
0x474	[0x474, nil]
0x475	[0x475, nil]
0x476	[0x476, nil]
0x477	[0x477, nil]
0x479	[0x479, nil]
0x47a	[0x47a, nil]
0x47b	[0x47b, nil]
0x47c	[0x47c, nil]
0x47d	[0x47d, nil]
0x480	[0x480, nil]
0x481	[0x481, nil]
0x484	[0x484, nil]
0x487	[0x487, nil]
0x488	[0x488, nil]
0x489	[0x489, nil]
0x48b	[0x48b, nil]
0x48c	[0x48c, nil]
0x48d	[0x48d, nil]
0x48e	[0x48e, nil]
0x48f	[0x48f, nil]
0x490	[0x490, nil]
0x491	[0x491, nil]
0x492	[0x492, nil]
0x493	[0x493, nil]
0x494	[0x494, nil]
0x496	[0x496, nil]
0x497	[0x497, nil]
0x498	[0x498, nil]
0x49a	[0x49a, nil]
0x49b	[0x49b, nil]
0x49c	[0x49c, nil]
0x49d	[0x49d, nil]
0x49e	[0x49e, nil]
0x49f	[0x49f, nil]
0x4a0	[0x4a0, nil]
0x4a1	[0x4a1, nil]
0x4a2	[0x4a2, nil]
0x4a3	[0x4a3, nil]
0x4a5	[0x4a5, nil]
0x4a6	[0x4a6, nil]
0x4a7	[0x4a7, nil]
0x4a9	[0x4a9, nil]
0x4aa	[0x4aa, nil]
0x4ac	[0x4ac, nil]
0x4ad	[0x4ad, nil]
0x4ae	[0x4ae, nil]
0x4af	[0x4af, nil]
0x4b0	[0x4b0, nil]
0x4b1	[0x4b1, nil]
0x4b2	[0x4b2, nil]
0x4b3	[0x4b3, nil]
0x4b4	[0x4b4, nil]
0x4b5	[0x4b5, nil]
0x4b6	[0x4b6, nil]
0x4b7	[0x4b7, nil]
0x4b8	[0x4b8, nil]
0x4ba	[0x4ba, nil]
0x4bb	[0x4bb, nil]
0x4bd	[0x4bd, nil]
0x4be	[0x4be, nil]
0x4bf	[0x4bf, nil]
0x4c0	[0x4c0, nil]
0x4c1	[0x4c1, nil]
0x4c4	[0x4c4, nil]
0x4c5	[0x4c5, nil]
0x4c8	[0x4c8, nil]
0x4cb	[0x4cb, nil]
0x4cc	[0x4cc, nil]
0x4cd	[0x4cd, nil]
0x4cf	[0x4cf, nil]
0x4d0	[0x4d0, nil]
0x4d1	[0x4d1, nil]
0x4d2	[0x4d2, nil]
0x4d3	[0x4d3, nil]
0x4d4	[0x4d4, nil]
0x4d5	[0x4d5, nil]
0x4d6	[0x4d6, nil]
0x4d7	[0x4d7, nil]
0x4d8	[0x4d8, nil]
0x4da	[0x4da, nil]
0x4db	[0x4db, nil]
0x4e0	[0x4e0, nil]
0x4e2	[0x4e2, nil]
0x4e3	[0x4e3, nil]
0x4e4	[0x4e4, nil]
0x4e5	[0x4e5, nil]
0x4e6	[0x4e6, nil]
0x4e7	[0x4e7, nil]
0x4e9	[0x4e9, nil]
0x4ea	[0x4ea, nil]
0x4ec	[0x4ec, nil]
0x4ee	[0x4ee, nil]
0x4f0	[0x4f0, nil]
0x4f1	[0x4f1, nil]
0x4f2	[0x4f2, nil]
0x513	[0x513, nil]
0x514	[0x514, nil]
0x515	[0x515, nil]
0x51a	[0x51a, nil]
0x51b	[0x51b, nil]
0x51e	[0x51e, nil]
0x51f	[0x51f, nil]
0x520	[0x520, nil]
0x521	[0x521, nil]
0x522	[0x522, nil]
0x523	[0x523, nil]
0x524	[0x524, nil]
0x525	[0x525, nil]
0x526	[0x526, nil]
0x527	[0x527, nil]
0x528	[0x528, nil]
0x529	[0x529, nil]
0x52a	[0x52a, nil]
0x52b	[0x52b, nil]
0x52c	[0x52c, nil]
0x52d	[0x52d, nil]
0x52f	[0x52f, nil]
0x530	[0x530, nil]
0x533	[0x533, nil]
0x534	[0x534, nil]
0x535	[0x535, nil]
0x537	[0x537, nil]
0x539	[0x539, nil]
0x53a	[0x53a, nil]
0x53b	[0x53b, nil]
0x53c	[0x53c, nil]
0x53d	[0x53d, nil]
0x53e	[0x53e, nil]
0x540	[0x540, nil]
0x541	[0x541, nil]
0x542	[0x542, nil]
0x543	[0x543, nil]
0x544	[0x544, nil]
0x545	[0x545, nil]
0x546	[0x546, nil]
0x549	[0x549, nil]
0x54a	[0x54a, nil]
0x54c	[0x54c, nil]
0x54d	[0x54d, nil]
0x54e	[0x54e, nil]
0x54f	[0x54f, nil]
0x550	[0x550, nil]
0x551	[0x551, nil]
0x552	[0x552, nil]
0x553	[0x553, nil]
0x554	[0x554, nil]
0x555	[0x555, nil]
0x558	[0x558, nil]
0x559	[0x559, nil]
0x55a	[0x55a, nil]
0x55c	[0x55c, nil]
0x55d	[0x55d, nil]
0x55e	[0x55e, nil]
0x55f	[0x55f, nil]
0x561	[0x561, nil]
0x562	[0x562, nil]
0x563	[0x563, nil]
0x564	[0x564, nil]
0x565	[0x565, nil]
0x566	[0x566, nil]
0x567	[0x567, nil]
0x568	[0x568, nil]
0x569	[0x569, nil]
0x56a	[0x56a, nil]
0x56b	[0x56b, nil]
0x56c	[0x56c, nil]
0x56d	[0x56d, nil]
0x56e	[0x56e, nil]
0x56f	[0x56f, nil]
0x570	[0x570, nil]
0x571	[0x571, nil]
0x573	[0x573, nil]
0x574	[0x574, nil]
0x577	[0x577, nil]
0x578	[0x578, nil]
0x579	[0x579, nil]
0x57c	[0x57c, nil]
0x57d	[0x57d, nil]
0x57e	[0x57e, nil]
0x57f	[0x57f, nil]
0x580	[0x580, nil]
0x581	[0x581, nil]
0x582	[0x582, nil]
0x583	[0x583, nil]
0x584	[0x584, nil]
0x587	[0x587, nil]
0x588	[0x588, nil]
0x58a	[0x58a, nil]
0x58b	[0x58b, nil]
0x58f	[0x58f, nil]
0x591	[0x591, nil]
0x592	[0x592, nil]
0x593	[0x593, nil]
0x594	[0x594, nil]
0x596	[0x596, nil]
0x598	[0x598, nil]
0x599	[0x599, nil]
0x59a	[0x59a, nil]
0x59b	[0x59b, nil]
0x59d	[0x59d, nil]
0x59f	[0x59f, nil]
0x5a0	[0x5a0, nil]
0x5a1	[0x5a1, nil]
0x5a2	[0x5a2, nil]
0x5be	[0x5be, nil]
0x5c0	[0x5c0, nil]
0x5c1	[0x5c1, nil]
0x5c3	[0x5c3, nil]
0x5c4	[0x5c4, nil]
0x5c5	[0x5c5, nil]
0x5c6	[0x5c6, nil]
0x5c8	[0x5c8, nil]
0x5c9	[0x5c9, nil]
0x5cc	[0x5cc, nil]
0x5d4	[0x5d4, nil]
0x5d5	[0x5d5, nil]
0x5d7	[0x5d7, nil]
0x5d8	[0x5d8, nil]
0x5da	[0x5da, nil]
0x5db	[0x5db, nil]
0x5dc	[0x5dc, nil]
0x5de	[0x5de, nil]
0x5df	[0x5df, nil]
0x5e0	[0x5e0, nil]
0x5e1	[0x5e1, nil]
0x5e2	[0x5e2, nil]
0x5e3	[0x5e3, nil]
0x5e4	[0x5e4, nil]
0x5e7	[0x5e7, nil]
0x5e8	[0x5e8, nil]
0x5e9	[0x5e9, nil]
0x5ec	[0x5ec, nil]
0x5ed	[0x5ed, nil]
0x5ee	[0x5ee, nil]
0x5ef	[0x5ef, nil]
0x5f0	[0x5f0, nil]
0x5f1	[0x5f1, nil]
0x5f2	[0x5f2, nil]
0x5f3	[0x5f3, nil]
0x5f4	[0x5f4, nil]
0x5f5	[0x5f5, nil]
0x5f6	[0x5f6, nil]
0x5f7	[0x5f7, nil]
0x5f8	[0x5f8, nil]
0x5f9	[0x5f9, nil]
0x5fc	[0x5fc, nil]
0x5fd	[0x5fd, nil]
0x5ff	[0x5ff, nil]
0x600	[0x600, nil]
0x604	[0x604, nil]
0x606	[0x606, nil]
0x607	[0x607, nil]
0x608	[0x608, nil]
0x609	[0x609, nil]
0x60b	[0x60b, nil]
0x60d	[0x60d, nil]
0x60e	[0x60e, nil]
0x60f	[0x60f, nil]
0x610	[0x610, nil]
0x611	[0x611, nil]
0x612	[0x612, nil]
0x614	[0x614, nil]
0x615	[0x615, nil]
0x616	[0x616, nil]
0x617	[0x617, nil]
0x638	[0x638, nil]
0x63a	[0x63a, nil]
0x63b	[0x63b, nil]
0x63c	[0x63c, nil]
0x63d	[0x63d, nil]
0x63f	[0x63f, nil]
0x640	[0x640, nil]
0x643	[0x643, nil]
0x644	[0x644, nil]
0x645	[0x645, nil]
0x65a	[0x65a, nil]
0x65c	[0x65c, nil]
0x65e	[0x65e, nil]
0x660	[0x660, nil]
0x661	[0x661, nil]
0x662	[0x662, nil]
0x663	[0x663, nil]
0x668	[0x668, nil]
0x669	[0x669, nil]
0x66b	[0x66b, nil]
0x66c	[0x66c, nil]
0x66d	[0x66d, nil]
0x66e	[0x66e, nil]
0x66f	[0x66f, nil]
0x672	[0x672, nil]
0x673	[0x673, nil]
0x676	[0x676, nil]
0x679	[0x679, nil]
0x67a	[0x67a, nil]
0x67b	[0x67b, nil]
0x67d	[0x67d, nil]
0x67e	[0x67e, nil]
0x680	[0x680, nil]
0x681	[0x681, nil]
0x682	[0x682, nil]
0x683	[0x683, nil]
0x684	[0x684, nil]
0x686	[0x686, nil]
0x687	[0x687, nil]
0x688	[0x688, nil]
0x68d	[0x68d, nil]
0x68e	[0x68e, nil]
0x690	[0x690, nil]
0x691	[0x691, nil]
0x692	[0x692, nil]
0x693	[0x693, nil]
0x695	[0x695, nil]
0x696	[0x696, nil]
0x699	[0x699, nil]
0x69a	[0x69a, nil]
0x69b	[0x69b, nil]
0x69c	[0x69c, nil]
0x69e	[0x69e, nil]
0x6a0	[0x6a0, nil]
0x6a2	[0x6a2, nil]
0x6a3	[0x6a3, nil]
0x6a4	[0x6a4, nil]
0x6a5	[0x6a5, nil]
0x6a6	[0x6a6, nil]
0x6a7	[0x6a7, nil]
0x6a8	[0x6a8, nil]
0x6a9	[0x6a9, nil]
0x6aa	[0x6aa, nil]
0x6ac	[0x6ac, nil]
0x6ad	[0x6ad, nil]
0x6ae	[0x6ae, nil]
0x6af	[0x6af, nil]
0x6b1	[0x6b1, nil]
0x6b2	[0x6b2, nil]
0x6b3	[0x6b3, nil]
0x6b4	[0x6b4, nil]
0x6b5	[0x6b5, nil]
0x6b7	[0x6b7, nil]
0x6b9	[0x6b9, nil]
0x6ba	[0x6ba, nil]
0x6bb	[0x6bb, nil]
0x6bc	[0x6bc, nil]
0x6bd	[0x6bd, nil]
0x6be	[0x6be, nil]
0x6c0	[0x6c0, nil]
0x6c1	[0x6c1, nil]
0x6c2	[0x6c2, nil]
0x6c3	[0x6c3, nil]
0x6c4	[0x6c4, nil]
0x6c5	[0x6c5, nil]
0x6c6	[0x6c6, nil]
0x6c9	[0x6c9, nil]
0x6ca	[0x6ca, nil]
0x6cb	[0x6cb, nil]
0x6cd	[0x6cd, nil]
0x6ce	[0x6ce, nil]
0x6cf	[0x6cf, nil]
0x6d0	[0x6d0, nil]
0x6d2	[0x6d2, nil]
0x6d3	[0x6d3, nil]
0x6d4	[0x6d4, nil]
0x6d5	[0x6d5, nil]
0x6d6	[0x6d6, nil]
0x6d7	[0x6d7, nil]
0x6d8	[0x6d8, nil]
0x6da	[0x6da, nil]
0x6db	[0x6db, nil]
0x6dc	[0x6dc, nil]
0x6de	[0x6de, nil]
0x6df	[0x6df, nil]
0x6e1	[0x6e1, nil]
0x6e2	[0x6e2, nil]
0x6e3	[0x6e3, nil]
0x6e4	[0x6e4, nil]
0x6e5	[0x6e5, nil]
0x6e6	[0x6e6, nil]
0x6e7	[0x6e7, nil]
0x6e9	[0x6e9, nil]
0x6ea	[0x6ea, nil]
0x6eb	[0x6eb, nil]
0x6ec	[0x6ec, nil]
0x6ed	[0x6ed, nil]
0x6ee	[0x6ee, nil]
0x6f1	[0x6f1, nil]
0x6f2	[0x6f2, nil]
0x6f3	[0x6f3, nil]
0x6f6	[0x6f6, nil]
0x6f7	[0x6f7, nil]
0x6f8	[0x6f8, nil]
0x6f9	[0x6f9, nil]
0x6fb	[0x6fb, nil]
0x6fc	[0x6fc, nil]
0x6fd	[0x6fd, nil]
0x6fe	[0x6fe, nil]
0x6ff	[0x6ff, nil]
0x700	[0x700, nil]
0x701	[0x701, nil]
0x704	[0x704, nil]
0x705	[0x705, nil]
0x707	[0x707, nil]
0x708	[0x708, nil]
0x709	[0x709, nil]
0x70a	[0x70a, nil]
0x70b	[0x70b, nil]
0x70c	[0x70c, nil]
0x70d	[0x70d, nil]
0x70e	[0x70e, nil]
0x711	[0x711, nil]
0x712	[0x712, nil]
0x715	[0x715, nil]
0x718	[0x718, nil]
0x719	[0x719, nil]
0x71a	[0x71a, nil]
0x71c	[0x71c, nil]
0x71d	[0x71d, nil]
0x71f	[0x71f, nil]
0x720	[0x720, nil]
0x721	[0x721, nil]
0x722	[0x722, nil]
0x724	[0x724, nil]
0x726	[0x726, nil]
0x728	[0x728, nil]
0x729	[0x729, nil]
0x72a	[0x72a, nil]
0x72b	[0x72b, nil]
0x72c	[0x72c, nil]
0x72d	[0x72d, nil]
0x72e	[0x72e, nil]
0x72f	[0x72f, nil]
0x730	[0x730, nil]
0x731	[0x731, nil]
0x734	[0x734, nil]
0x735	[0x735, nil]
0x738	[0x738, nil]
0x73b	[0x73b, nil]
0x73c	[0x73c, nil]
0x73d	[0x73d, nil]
0x73f	[0x73f, nil]
0x740	[0x740, nil]
0x742	[0x742, nil]
0x743	[0x743, nil]
0x744	[0x744, nil]
0x745	[0x745, nil]
0x747	[0x747, nil]
0x748	[0x748, nil]
0x74b	[0x74b, nil]
0x74c	[0x74c, nil]
0x74d	[0x74d, nil]
0x750	[0x750, nil]
0x751	[0x751, nil]
0x752	[0x752, nil]
0x754	[0x754, nil]
0x756	[0x756, nil]
0x757	[0x757, nil]
0x758	[0x758, nil]
0x759	[0x759, nil]
0x75a	[0x75a, nil]
0x75b	[0x75b, nil]
0x75d	[0x75d, nil]
0x75e	[0x75e, nil]
0x75f	[0x75f, nil]
0x760	[0x760, nil]
0x761	[0x761, nil]
0x762	[0x762, nil]
0x763	[0x763, nil]
0x764	[0x764, nil]
0x765	[0x765, nil]
0x767	[0x767, nil]
0x768	[0x768, nil]
0x769	[0x769, nil]
0x76c	[0x76c, nil]
0x76d	[0x76d, nil]
0x76f	[0x76f, nil]
0x770	[0x770, nil]
0x771	[0x771, nil]
0x772	[0x772, nil]
0x774	[0x774, nil]
0x775	[0x775, nil]
0x777	[0x777, nil]
0x778	[0x778, nil]
0x779	[0x779, nil]
0x77a	[0x77a, nil]
0x77b	[0x77b, nil]
0x77c	[0x77c, nil]
0x77e	[0x77e, nil]
0x77f	[0x77f, nil]
0x780	[0x780, nil]
0x781	[0x781, nil]
0x782	[0x782, nil]
0x783	[0x783, nil]
0x785	[0x785, nil]
0x787	[0x787, nil]
0x788	[0x788, nil]
0x789	[0x789, nil]
0x78a	[0x78a, nil]
0x78d	[0x78d, nil]
0x78e	[0x78e, nil]
0x78f	[0x78f, nil]
0x791	[0x791, nil]
0x792	[0x792, nil]
0x793	[0x793, nil]
0x794	[0x794, nil]
0x795	[0x795, nil]
0x796	[0x796, nil]
0x797	[0x797, nil]
0x798	[0x798, nil]
0x799	[0x799, nil]
0x79a	[0x79a, nil]
0x79d	[0x79d, nil]
0x79e	[0x79e, nil]
0x7a0	[0x7a0, nil]
0x7a1	[0x7a1, nil]
0x7a5	[0x7a5, nil]
0x7a7	[0x7a7, nil]
0x7a8	[0x7a8, nil]
0x7a9	[0x7a9, nil]
0x7aa	[0x7aa, nil]
0x7ac	[0x7ac, nil]
0x7ae	[0x7ae, nil]
0x7af	[0x7af, nil]
0x7b0	[0x7b0, nil]
0x7b1	[0x7b1, nil]
0x7b3	[0x7b3, nil]
0x7b5	[0x7b5, nil]
0x7b6	[0x7b6, nil]
0x7b7	[0x7b7, nil]
0x7b8	[0x7b8, nil]
0x7cb	[0x7cb, nil]
0x7cd	[0x7cd, nil]
0x7ce	[0x7ce, nil]
0x7d0	[0x7d0, nil]
0x7d1	[0x7d1, nil]
0x7d2	[0x7d2, nil]
0x7d3	[0x7d3, nil]
0x7d5	[0x7d5, nil]
0x7d6	[0x7d6, nil]
0x7d9	[0x7d9, nil]
0x7da	[0x7da, nil]
0x7db	[0x7db, nil]
0x7dc	[0x7dc, nil]
0x7dd	[0x7dd, nil]
0x7de	[0x7de, nil]
0x7df	[0x7df, nil]
0x7e2	[0x7e2, nil]
0x7e3	[0x7e3, nil]
0x7e6	[0x7e6, nil]
0x7e7	[0x7e7, nil]
0x7e8	[0x7e8, nil]
0x7e9	[0x7e9, nil]
0x7ea	[0x7ea, nil]
0x7eb	[0x7eb, nil]
0x7ee	[0x7ee, nil]
0x7ef	[0x7ef, nil]
0x7f0	[0x7f0, nil]
0x7f1	[0x7f1, nil]
0x7f3	[0x7f3, nil]
0x7f4	[0x7f4, nil]
0x7f9	[0x7f9, nil]
0x7fb	[0x7fb, nil]
0x7fc	[0x7fc, nil]
0x7fd	[0x7fd, nil]
0x7fe	[0x7fe, nil]
0x800	[0x800, nil]
0x801	[0x801, nil]
0x816	[0x816, nil]
0x817	[0x817, nil]
0x81c	[0x81c, nil]
0x81d	[0x81d, nil]
0x820	[0x820, nil]
0x821	[0x821, nil]
0x822	[0x822, nil]
0x823	[0x823, nil]
0x825	[0x825, nil]
0x826	[0x826, nil]
0x829	[0x829, nil]
0x82a	[0x82a, nil]
0x82b	[0x82b, nil]
0x82d	[0x82d, nil]
0x82f	[0x82f, nil]
0x830	[0x830, nil]
0x831	[0x831, nil]
0x832	[0x832, nil]
0x833	[0x833, nil]
0x834	[0x834, nil]
0x835	[0x835, nil]
0x836	[0x836, nil]
0x837	[0x837, nil]
0x838	[0x838, nil]
0x839	[0x839, nil]
0x83a	[0x83a, nil]
0x83d	[0x83d, nil]
0x83e	[0x83e, nil]
0x83f	[0x83f, nil]
0x841	[0x841, nil]
0x842	[0x842, nil]
0x843	[0x843, nil]
0x844	[0x844, nil]
0x846	[0x846, nil]
0x847	[0x847, nil]
0x848	[0x848, nil]
0x849	[0x849, nil]
0x84a	[0x84a, nil]
0x84b	[0x84b, nil]
0x84c	[0x84c, nil]
0x84e	[0x84e, nil]
0x84f	[0x84f, nil]
0x850	[0x850, nil]
0x852	[0x852, nil]
0x853	[0x853, nil]
0x855	[0x855, nil]
0x856	[0x856, nil]
0x857	[0x857, nil]
0x858	[0x858, nil]
0x859	[0x859, nil]
0x85a	[0x85a, nil]
0x85b	[0x85b, nil]
0x85d	[0x85d, nil]
0x85e	[0x85e, nil]
0x85f	[0x85f, nil]
0x860	[0x860, nil]
0x861	[0x861, nil]
0x862	[0x862, nil]
0x865	[0x865, nil]
0x866	[0x866, nil]
0x867	[0x867, nil]
0x86a	[0x86a, nil]
0x86b	[0x86b, nil]
0x86c	[0x86c, nil]
0x86d	[0x86d, nil]
0x86e	[0x86e, nil]
0x870	[0x870, nil]
0x871	[0x871, nil]
0x874	[0x874, nil]
0x875	[0x875, nil]
0x876	[0x876, nil]
0x879	[0x879, nil]
0x87a	[0x87a, nil]
0x87b	[0x87b, nil]
0x87e	[0x87e, nil]
0x87f	[0x87f, nil]
0x880	[0x880, nil]
0x883	[0x883, nil]
0x884	[0x884, nil]
0x885	[0x885, nil]
0x886	[0x886, nil]
0x887	[0x887, nil]
0x89c	[0x89c, nil]
0x8a1	[0x8a1, nil]
0x8a4	[0x8a4, nil]
0x8a5	[0x8a5, nil]
0x8a6	[0x8a6, nil]
0x8a9	[0x8a9, nil]
0x8aa	[0x8aa, nil]
0x8ab	[0x8ab, nil]
0x8ad	[0x8ad, nil]
0x8ae	[0x8ae, nil]
0x8af	[0x8af, nil]
0x8b4	[0x8b4, nil]
0x8b5	[0x8b5, nil]
0x8b7	[0x8b7, nil]
0x8b8	[0x8b8, nil]
0x8b9	[0x8b9, nil]
0x8ba	[0x8ba, nil]
0x8bc	[0x8bc, nil]
0x8bd	[0x8bd, nil]
0x8c0	[0x8c0, nil]
0x8c1	[0x8c1, nil]
0x8c2	[0x8c2, nil]
0x8c3	[0x8c3, nil]
0x8c5	[0x8c5, nil]
0x8c6	[0x8c6, nil]
0x8c7	[0x8c7, nil]
0x8c8	[0x8c8, nil]
0x8c9	[0x8c9, nil]
0x8cb	[0x8cb, nil]
0x8cd	[0x8cd, nil]
0x8ce	[0x8ce, nil]
0x8cf	[0x8cf, nil]
0x8d0	[0x8d0, nil]
0x8d1	[0x8d1, nil]
0x8d2	[0x8d2, nil]
0x8d4	[0x8d4, nil]
0x8d5	[0x8d5, nil]
0x8d6	[0x8d6, nil]
0x8d7	[0x8d7, nil]
0x8d8	[0x8d8, nil]
0x8d9	[0x8d9, nil]
0x8da	[0x8da, nil]
0x8dd	[0x8dd, nil]
0x8de	[0x8de, nil]
0x8e0	[0x8e0, nil]
0x8e1	[0x8e1, nil]
0x8e2	[0x8e2, nil]
0x8e3	[0x8e3, nil]
0x8e4	[0x8e4, nil]
0x8e5	[0x8e5, nil]
0x8e6	[0x8e6, nil]
0x8e7	[0x8e7, nil]
0x8e8	[0x8e8, nil]
0x8e9	[0x8e9, nil]
0x8ec	[0x8ec, nil]
0x8ed	[0x8ed, nil]
0x8ee	[0x8ee, nil]
0x8f0	[0x8f0, nil]
0x8f1	[0x8f1, nil]
0x8f2	[0x8f2, nil]
0x8f3	[0x8f3, nil]
0x8f5	[0x8f5, nil]
0x8f6	[0x8f6, nil]
0x8f7	[0x8f7, nil]
0x8f8	[0x8f8, nil]
0x8f9	[0x8f9, nil]
0x8fb	[0x8fb, nil]
0x8fc	[0x8fc, nil]
0x8fd	[0x8fd, nil]
0x8fe	[0x8fe, nil]
0x8ff	[0x8ff, nil]
0x900	[0x900, nil]
0x901	[0x901, nil]
0x904	[0x904, nil]
0x905	[0x905, nil]
0x906	[0x906, nil]
0x907	[0x907, nil]
0x908	[0x908, nil]
0x909	[0x909, nil]
0x90b	[0x90b, nil]
0x90c	[0x90c, nil]
0x90d	[0x90d, nil]
0x90e	[0x90e, nil]
0x90f	[0x90f, nil]
0x910	[0x910, nil]
0x911	[0x911, nil]
0x912	[0x912, nil]
0x913	[0x913, nil]
0x914	[0x914, nil]
0x915	[0x915, nil]
0x916	[0x916, nil]
0x917	[0x917, nil]
0x918	[0x918, nil]
0x919	[0x919, nil]
0x91a	[0x91a, nil]
0x91d	[0x91d, nil]
0x91e	[0x91e, nil]
0x91f	[0x91f, nil]
0x921	[0x921, nil]
0x922	[0x922, nil]
0x923	[0x923, nil]
0x924	[0x924, nil]
0x926	[0x926, nil]
0x927	[0x927, nil]
0x928	[0x928, nil]
0x929	[0x929, nil]
0x92b	[0x92b, nil]
0x92c	[0x92c, nil]
0x92d	[0x92d, nil]
0x92e	[0x92e, nil]
0x92f	[0x92f, nil]
0x930	[0x930, nil]
0x933	[0x933, nil]
0x934	[0x934, nil]
0x935	[0x935, nil]
0x936	[0x936, nil]
0x937	[0x937, nil]
0x939	[0x939, nil]
0x93a	[0x93a, nil]
0x93b	[0x93b, nil]
0x93c	[0x93c, nil]
0x93d	[0x93d, nil]
0x93e	[0x93e, nil]
0x93f	[0x93f, nil]
0x940	[0x940, nil]
0x941	[0x941, nil]
0x942	[0x942, nil]
0x943	[0x943, nil]
0x944	[0x944, nil]
0x945	[0x945, nil]
0x946	[0x946, nil]
0x947	[0x947, nil]
0x948	[0x948, nil]
0x94b	[0x94b, nil]
0x94c	[0x94c, nil]
0x94d	[0x94d, nil]
0x94f	[0x94f, nil]
0x950	[0x950, nil]
0x951	[0x951, nil]
0x952	[0x952, nil]
0x954	[0x954, nil]
0x955	[0x955, nil]
0x956	[0x956, nil]
0x957	[0x957, nil]
0x958	[0x958, nil]
0x959	[0x959, nil]
0x95a	[0x95a, nil]
0x95b	[0x95b, nil]
0x95c	[0x95c, nil]
0x95d	[0x95d, nil]
0x95e	[0x95e, nil]
0x95f	[0x95f, nil]
0x960	[0x960, nil]
0x961	[0x961, nil]
0x963	[0x963, nil]
0x965	[0x965, nil]
0x967	[0x967, nil]
0x968	[0x968, nil]
0x969	[0x969, nil]
0x96a	[0x96a, nil]
0x96b	[0x96b, nil]
0x96c	[0x96c, nil]
0x96d	[0x96d, nil]
0x96e	[0x96e, nil]
0x96f	[0x96f, nil]
0x971	[0x971, nil]
0x972	[0x972, nil]
0x973	[0x973, nil]
0x974	[0x974, nil]
0x975	[0x975, nil]
0x977	[0x977, nil]
0x979	[0x979, nil]
0x97b	[0x97b, nil]
0x97c	[0x97c, nil]
0x97d	[0x97d, nil]
0x97e	[0x97e, nil]
0x97f	[0x97f, nil]
0x980	[0x980, nil]
0x981	[0x981, nil]
0x984	[0x984, nil]
0x985	[0x985, nil]
0x987	[0x987, nil]
0x988	[0x988, nil]
0x989	[0x989, nil]
0x98a	[0x98a, nil]
0x98b	[0x98b, nil]
0x98c	[0x98c, nil]
0x98d	[0x98d, nil]
0x98f	[0x98f, nil]
0x990	[0x990, nil]
0x991	[0x991, nil]
0x993	[0x993, nil]
0x994	[0x994, nil]
0x995	[0x995, nil]
0x996	[0x996, nil]
0x999	[0x999, nil]
0x99a	[0x99a, nil]
0x99c	[0x99c, nil]
0x99d	[0x99d, nil]
0x99e	[0x99e, nil]
0x99f	[0x99f, nil]
0x9a0	[0x9a0, nil]
0x9a1	[0x9a1, nil]
0x9a2	[0x9a2, nil]
0x9a4	[0x9a4, nil]
0x9a6	[0x9a6, nil]
0x9a8	[0x9a8, nil]
0x9a9	[0x9a9, nil]
0x9aa	[0x9aa, nil]
0x9ab	[0x9ab, nil]
0x9ac	[0x9ac, nil]
0x9ad	[0x9ad, nil]
0x9b0	[0x9b0, nil]
0x9b1	[0x9b1, nil]
0x9b3	[0x9b3, nil]
0x9b4	[0x9b4, nil]
0x9b5	[0x9b5, nil]
0x9b6	[0x9b6, nil]
0x9b8	[0x9b8, nil]
0x9b9	[0x9b9, nil]
0x9ba	[0x9ba, nil]
0x9bb	[0x9bb, nil]
0x9bc	[0x9bc, nil]
0x9bd	[0x9bd, nil]
0x9bf	[0x9bf, nil]
0x9c0	[0x9c0, nil]
0x9c1	[0x9c1, nil]
0x9c2	[0x9c2, nil]
0x9c3	[0x9c3, nil]
0x9c4	[0x9c4, nil]
0x9c5	[0x9c5, nil]
0x9c8	[0x9c8, nil]
0x9c9	[0x9c9, nil]
0x9cb	[0x9cb, nil]
0x9cc	[0x9cc, nil]
0x9d4	[0x9d4, nil]
0x9d5	[0x9d5, nil]
0x9d7	[0x9d7, nil]
0x9d8	[0x9d8, nil]
0x9da	[0x9da, nil]
0x9db	[0x9db, nil]
0x9dd	[0x9dd, nil]
0x9de	[0x9de, nil]
0x9df	[0x9df, nil]
0x9e0	[0x9e0, nil]
0x9e1	[0x9e1, nil]
0x9e2	[0x9e2, nil]
0x9e5	[0x9e5, nil]
0x9e6	[0x9e6, nil]
0x9e8	[0x9e8, nil]
0x9e9	[0x9e9, nil]
0x9ea	[0x9ea, nil]
0x9eb	[0x9eb, nil]
0x9ec	[0x9ec, nil]
0x9ed	[0x9ed, nil]
0x9f0	[0x9f0, nil]
0x9f1	[0x9f1, nil]
0x9f4	[0x9f4, nil]
0x9f5	[0x9f5, nil]
0x9f6	[0x9f6, nil]
0x9f7	[0x9f7, nil]
0x9f8	[0x9f8, nil]
0x9fa	[0x9fa, nil]
0x9fb	[0x9fb, nil]
0x9fc	[0x9fc, nil]
0x9fd	[0x9fd, nil]
0x9fe	[0x9fe, nil]
0x9ff	[0x9ff, nil]
0xa01	[0xa01, nil]
0xa02	[0xa02, nil]
0xa03	[0xa03, nil]
0xa04	[0xa04, nil]
0xa06	[0xa06, nil]
0xa08	[0xa08, nil]
0xa0a	[0xa0a, nil]
0xa0b	[0xa0b, nil]
0xa0c	[0xa0c, nil]
0xa0d	[0xa0d, nil]
0xa0e	[0xa0e, nil]
0xa0f	[0xa0f, nil]
0xa12	[0xa12, nil]
0xa13	[0xa13, nil]
0xa15	[0xa15, nil]
0xa16	[0xa16, nil]
0xa17	[0xa17, nil]
0xa18	[0xa18, nil]
0xa1b	[0xa1b, nil]
0xa1c	[0xa1c, nil]
0xa1d	[0xa1d, nil]
0xa1e	[0xa1e, nil]
0xa1f	[0xa1f, nil]
0xa22	[0xa22, nil]
0xa23	[0xa23, nil]
0xa24	[0xa24, nil]
0xa25	[0xa25, nil]
0xa26	[0xa26, nil]
0xa27	[0xa27, nil]
0xa28	[0xa28, nil]
0xa29	[0xa29, nil]
0xa2a	[0xa2a, nil]
0xa2b	[0xa2b, nil]
0xa2c	[0xa2c, nil]
0xa2d	[0xa2d, nil]
0xa2e	[0xa2e, nil]
0xa2f	[0xa2f, nil]
0xa30	[0xa30, nil]
0xa32	[0xa32, nil]
0xa33	[0xa33, nil]
0xa34	[0xa34, nil]
0xa35	[0xa35, nil]
0xa36	[0xa36, nil]
0xa37	[0xa37, nil]
0xa3a	[0xa3a, nil]
0xa3b	[0xa3b, nil]
0xa3c	[0xa3c, nil]
0xa3d	[0xa3d, nil]
0xa3e	[0xa3e, nil]
0xa3f	[0xa3f, nil]
0xa40	[0xa40, nil]
0xa41	[0xa41, nil]
0xa42	[0xa42, nil]
0xa43	[0xa43, nil]
0xa45	[0xa45, nil]
0xa46	[0xa46, nil]
0xa49	[0xa49, nil]
0xa4a	[0xa4a, nil]
0xa4b	[0xa4b, nil]
0xa4c	[0xa4c, nil]
0xa4d	[0xa4d, nil]
0xa4e	[0xa4e, nil]
0xa4f	[0xa4f, nil]
0xa52	[0xa52, nil]
0xa53	[0xa53, nil]
0xa55	[0xa55, nil]
0xa56	[0xa56, nil]
0xa57	[0xa57, nil]
0xa58	[0xa58, nil]
0xa59	[0xa59, nil]
0xa5a	[0xa5a, nil]
0xa5b	[0xa5b, nil]
0xa5c	[0xa5c, nil]
0xa5d	[0xa5d, nil]
0xa5e	[0xa5e, nil]
0xa5f	[0xa5f, nil]
0xa60	[0xa60, nil]
0xa62	[0xa62, nil]
0xa63	[0xa63, nil]
0xa64	[0xa64, nil]
0xa65	[0xa65, nil]
0xa66	[0xa66, nil]
0xa67	[0xa67, nil]
0xa6a	[0xa6a, nil]
0xa6b	[0xa6b, nil]
0xa6d	[0xa6d, nil]
0xa6e	[0xa6e, nil]
0xa6f	[0xa6f, nil]
0xa71	[0xa71, nil]
0xa72	[0xa72, nil]
0xa73	[0xa73, nil]
0xa76	[0xa76, nil]
0xa77	[0xa77, nil]
0xa78	[0xa78, nil]
0xa7a	[0xa7a, nil]
0xa7b	[0xa7b, nil]
0xa7d	[0xa7d, nil]
0xa7e	[0xa7e, nil]
0xa7f	[0xa7f, nil]
0xa80	[0xa80, nil]
0xa81	[0xa81, nil]
0xa82	[0xa82, nil]
0xa83	[0xa83, nil]
0xa85	[0xa85, nil]
0xa86	[0xa86, nil]
0xa87	[0xa87, nil]
0xa88	[0xa88, nil]
0xa89	[0xa89, nil]
0xa8a	[0xa8a, nil]
0xa8b	[0xa8b, nil]
0xa8c	[0xa8c, nil]
0xa8e	[0xa8e, nil]
0xa8f	[0xa8f, nil]
0xa90	[0xa90, nil]
0xa92	[0xa92, nil]
0xa95	[0xa95, nil]
0xa97	[0xa97, nil]
0xa98	[0xa98, nil]
0xa99	[0xa99, nil]
0xa9a	[0xa9a, nil]
0xa9d	[0xa9d, nil]
0xa9e	[0xa9e, nil]
0xa9f	[0xa9f, nil]
0xaa1	[0xaa1, nil]
0xaa2	[0xaa2, nil]
0xaa3	[0xaa3, nil]
0xaa5	[0xaa5, nil]
0xaa6	[0xaa6, nil]
0xaa7	[0xaa7, nil]
0xaa8	[0xaa8, nil]
0xaab	[0xaab, nil]
0xaac	[0xaac, nil]
0xaae	[0xaae, nil]
0xaaf	[0xaaf, nil]
0xab0	[0xab0, nil]
0xab1	[0xab1, nil]
0xab2	[0xab2, nil]
0xab3	[0xab3, nil]
0xab4	[0xab4, nil]
0xab6	[0xab6, nil]
0xab8	[0xab8, nil]
0xaba	[0xaba, nil]
0xabb	[0xabb, nil]
0xabc	[0xabc, nil]
0xabd	[0xabd, nil]
0xabe	[0xabe, nil]
0xabf	[0xabf, nil]
0xac2	[0xac2, nil]
0xac3	[0xac3, nil]
0xac5	[0xac5, nil]
0xac6	[0xac6, nil]
0xac7	[0xac7, nil]
0xac8	[0xac8, nil]
0xaca	[0xaca, nil]
0xacb	[0xacb, nil]
0xacc	[0xacc, nil]
0xacd	[0xacd, nil]
0xace	[0xace, nil]
0xacf	[0xacf, nil]
0xad1	[0xad1, nil]
0xad2	[0xad2, nil]
0xad4	[0xad4, nil]
0xad5	[0xad5, nil]
0xad6	[0xad6, nil]
0xad7	[0xad7, nil]
0xad8	[0xad8, nil]
0xad9	[0xad9, nil]
0xada	[0xada, nil]
0xadd	[0xadd, nil]
0xade	[0xade, nil]
0xae0	[0xae0, nil]
0xae1	[0xae1, nil]
0xae2	[0xae2, nil]
0xae3	[0xae3, nil]
0xae5	[0xae5, nil]
0xae6	[0xae6, nil]
0xae8	[0xae8, nil]
0xae9	[0xae9, nil]
0xaeb	[0xaeb, nil]
0xaec	[0xaec, nil]
0xaee	[0xaee, nil]
0xaef	[0xaef, nil]
0xaf1	[0xaf1, nil]
0xaf3	[0xaf3, nil]
0xaf4	[0xaf4, nil]
0xaf5	[0xaf5, nil]
0xaf6	[0xaf6, nil]
0xaf7	[0xaf7, nil]
0xaf8	[0xaf8, nil]
0xafb	[0xafb, nil]
0xafc	[0xafc, nil]
0xafe	[0xafe, nil]
0xaff	[0xaff, nil]
0xb00	[0xb00, nil]
0xb01	[0xb01, nil]
0xb02	[0xb02, nil]
0xb03	[0xb03, nil]
0xb05	[0xb05, nil]
0xb07	[0xb07, nil]
0xb09	[0xb09, nil]
0xb0a	[0xb0a, nil]
0xb0b	[0xb0b, nil]
0xb0c	[0xb0c, nil]
0xb0d	[0xb0d, nil]
0xb0e	[0xb0e, nil]
0xb0f	[0xb0f, nil]
0xb12	[0xb12, nil]
0xb13	[0xb13, nil]
0xb15	[0xb15, nil]
0xb16	[0xb16, nil]
0xb17	[0xb17, nil]
0xb18	[0xb18, nil]
0xb1b	[0xb1b, nil]
0xb1c	[0xb1c, nil]
0xb1d	[0xb1d, nil]
0xb1e	[0xb1e, nil]
0xb1f	[0xb1f, nil]
0xb22	[0xb22, nil]
0xb23	[0xb23, nil]
0xb24	[0xb24, nil]
0xb25	[0xb25, nil]
0xb26	[0xb26, nil]
0xb27	[0xb27, nil]
0xb28	[0xb28, nil]
0xb29	[0xb29, nil]
0xb2b	[0xb2b, nil]
0xb2c	[0xb2c, nil]
0xb2d	[0xb2d, nil]
0xb2e	[0xb2e, nil]
0xb2f	[0xb2f, nil]
0xb30	[0xb30, nil]
0xb31	[0xb31, nil]
0xb32	[0xb32, nil]
0xb33	[0xb33, nil]
0xb34	[0xb34, nil]
0xb37	[0xb37, nil]
0xb38	[0xb38, nil]
0xb3a	[0xb3a, nil]
0xb3b	[0xb3b, nil]
0xb3c	[0xb3c, nil]
0xb3d	[0xb3d, nil]
0xb40	[0xb40, nil]
0xb41	[0xb41, nil]
0xb42	[0xb42, nil]
0xb43	[0xb43, nil]
0xb44	[0xb44, nil]
0xb47	[0xb47, nil]
0xb48	[0xb48, nil]
0xb49	[0xb49, nil]
0xb4a	[0xb4a, nil]
0xb4b	[0xb4b, nil]
0xb4c	[0xb4c, nil]
0xb4d	[0xb4d, nil]
0xb4e	[0xb4e, nil]
0xb50	[0xb50, nil]
0xb51	[0xb51, nil]
0xb52	[0xb52, nil]
0xb53	[0xb53, nil]
0xb54	[0xb54, nil]
0xb55	[0xb55, nil]
0xb56	[0xb56, nil]
0xb57	[0xb57, nil]
0xb58	[0xb58, nil]
0xb59	[0xb59, nil]
0xb5c	[0xb5c, nil]
0xb5d	[0xb5d, nil]
0xb5f	[0xb5f, nil]
0xb60	[0xb60, nil]
0xb61	[0xb61, nil]
0xb62	[0xb62, nil]
0xb65	[0xb65, nil]
0xb66	[0xb66, nil]
0xb67	[0xb67, nil]
0xb68	[0xb68, nil]
0xb69	[0xb69, nil]
0xb6c	[0xb6c, nil]
0xb6d	[0xb6d, nil]
0xb6e	[0xb6e, nil]
0xb6f	[0xb6f, nil]
0xb70	[0xb70, nil]
0xb71	[0xb71, nil]
0xb72	[0xb72, nil]
0xb73	[0xb73, nil]
0xb75	[0xb75, nil]
0xb76	[0xb76, nil]
0xb77	[0xb77, nil]
0xb78	[0xb78, nil]
0xb79	[0xb79, nil]
0xb7a	[0xb7a, nil]
0xb7d	[0xb7d, nil]
0xb7e	[0xb7e, nil]
0xb81	[0xb81, nil]
0xb82	[0xb82, nil]
0xb83	[0xb83, nil]
0xb84	[0xb84, nil]
0xb85	[0xb85, nil]
0xb86	[0xb86, nil]
0xb88	[0xb88, nil]
0xb89	[0xb89, nil]
0xb8a	[0xb8a, nil]
0xb8b	[0xb8b, nil]
0xb8c	[0xb8c, nil]
0xb8d	[0xb8d, nil]
0xb8e	[0xb8e, nil]
0xb8f	[0xb8f, nil]
0xb90	[0xb90, nil]
0xb93	[0xb93, nil]
0xb94	[0xb94, nil]
0xb96	[0xb96, nil]
0xb97	[0xb97, nil]
0xb98	[0xb98, nil]
0xb99	[0xb99, nil]
0xb9a	[0xb9a, nil]
0xb9d	[0xb9d, nil]
0xb9e	[0xb9e, nil]
0xb9f	[0xb9f, nil]
0xba0	[0xba0, nil]
0xba1	[0xba1, nil]
0xba4	[0xba4, nil]
0xba5	[0xba5, nil]
0xba6	[0xba6, nil]
0xba7	[0xba7, nil]
0xba8	[0xba8, nil]
0xba9	[0xba9, nil]
0xbaa	[0xbaa, nil]
0xbab	[0xbab, nil]
0xbac	[0xbac, nil]
0xbad	[0xbad, nil]
0xbae	[0xbae, nil]
0xbaf	[0xbaf, nil]
0xbb0	[0xbb0, nil]
0xbb1	[0xbb1, nil]
0xbb2	[0xbb2, nil]
0xbb3	[0xbb3, nil]
0xbb4	[0xbb4, nil]
0xbb5	[0xbb5, nil]
0xbb6	[0xbb6, nil]
0xbb7	[0xbb7, nil]
0xbb8	[0xbb8, nil]
0xbb9	[0xbb9, nil]
0xbba	[0xbba, nil]
0xbbb	[0xbbb, nil]
0xbd2	[0xbd2, nil]
0xbd3	[0xbd3, nil]
0xbd5	[0xbd5, nil]
0xbd6	[0xbd6, nil]
0xbd8	[0xbd8, nil]
0xbd9	[0xbd9, nil]
0xbda	[0xbda, nil]
0xbdc	[0xbdc, nil]
0xbdd	[0xbdd, nil]
0xbde	[0xbde, nil]
0xbdf	[0xbdf, nil]
0xbe0	[0xbe0, nil]
0xbe2	[0xbe2, nil]
0xbe4	[0xbe4, nil]
0xbe6	[0xbe6, nil]
0xbe7	[0xbe7, nil]
0xbe8	[0xbe8, nil]
0xbe9	[0xbe9, nil]
0xbea	[0xbea, nil]
0xbeb	[0xbeb, nil]
0xbec	[0xbec, nil]
0xbed	[0xbed, nil]
0xbee	[0xbee, nil]
0xbef	[0xbef, nil]
0xbf2	[0xbf2, nil]
0xbf3	[0xbf3, nil]
0xbf6	[0xbf6, nil]
0xbf9	[0xbf9, nil]
0xbfa	[0xbfa, nil]
0xbfb	[0xbfb, nil]
0xbfd	[0xbfd, nil]
0xbfe	[0xbfe, nil]
0xbff	[0xbff, nil]
0xc00	[0xc00, nil]
0xc01	[0xc01, nil]
0xc02	[0xc02, nil]
0xc03	[0xc03, nil]
0xc05	[0xc05, nil]
0xc07	[0xc07, nil]
0xc09	[0xc09, nil]
0xc0b	[0xc0b, nil]
0xc0c	[0xc0c, nil]
0xc0d	[0xc0d, nil]
0xc0e	[0xc0e, nil]
0xc0f	[0xc0f, nil]
0xc10	[0xc10, nil]
0xc13	[0xc13, nil]
0xc14	[0xc14, nil]
0xc17	[0xc17, nil]
0xc1a	[0xc1a, nil]
0xc1b	[0xc1b, nil]
0xc1c	[0xc1c, nil]
0xc1d	[0xc1d, nil]
0xc1f	[0xc1f, nil]
0xc20	[0xc20, nil]
0xc22	[0xc22, nil]
0xc23	[0xc23, nil]
0xc24	[0xc24, nil]
0xc26	[0xc26, nil]
0xc27	[0xc27, nil]
0xc28	[0xc28, nil]
0xc29	[0xc29, nil]
0xc2a	[0xc2a, nil]
0xc2c	[0xc2c, nil]
0xc2d	[0xc2d, nil]
0xc2f	[0xc2f, nil]
0xc30	[0xc30, nil]
0xc31	[0xc31, nil]
0xc32	[0xc32, nil]
0xc33	[0xc33, nil]
0xc34	[0xc34, nil]
0xc37	[0xc37, nil]
0xc38	[0xc38, nil]
0xc3a	[0xc3a, nil]
0xc3b	[0xc3b, nil]
0xc3c	[0xc3c, nil]
0xc3d	[0xc3d, nil]
0xc3e	[0xc3e, nil]
0xc3f	[0xc3f, nil]
0xc40	[0xc40, nil]
0xc41	[0xc41, nil]
0xc43	[0xc43, nil]
0xc44	[0xc44, nil]
0xc45	[0xc45, nil]
0xc46	[0xc46, nil]
0xc48	[0xc48, nil]
0xc4a	[0xc4a, nil]
0xc4c	[0xc4c, nil]
0xc4d	[0xc4d, nil]
0xc4e	[0xc4e, nil]
0xc4f	[0xc4f, nil]
0xc50	[0xc50, nil]
0xc51	[0xc51, nil]
0xc54	[0xc54, nil]
0xc55	[0xc55, nil]
0xc57	[0xc57, nil]
0xc58	[0xc58, nil]
0xc59	[0xc59, nil]
0xc5a	[0xc5a, nil]
0xc5b	[0xc5b, nil]
0xc5c	[0xc5c, nil]
0xc5e	[0xc5e, nil]
0xc5f	[0xc5f, nil]
0xc60	[0xc60, nil]
0xc61	[0xc61, nil]
0xc62	[0xc62, nil]
0xc65	[0xc65, nil]
0xc66	[0xc66, nil]
0xc68	[0xc68, nil]
0xc69	[0xc69, nil]
0xc6a	[0xc6a, nil]
0xc6b	[0xc6b, nil]
0xc6c	[0xc6c, nil]
0xc6d	[0xc6d, nil]
0xc70	[0xc70, nil]
0xc73	[0xc73, nil]
0xc74	[0xc74, nil]
0xc77	[0xc77, nil]
0xc7d	[0xc7d, nil]
0xc7e	[0xc7e, nil]
0xc7f	[0xc7f, nil]
0xc80	[0xc80, nil]
0xc81	[0xc81, nil]
0xc82	[0xc82, nil]
0xc84	[0xc84, nil]
0xc85	[0xc85, nil]
0xc86	[0xc86, nil]
0xc87	[0xc87, nil]
0xc88	[0xc88, nil]
0xc89	[0xc89, nil]
0xc8a	[0xc8a, nil]
0xc8d	[0xc8d, nil]
0xc8e	[0xc8e, nil]
0xc90	[0xc90, nil]
0xc91	[0xc91, nil]
0xc92	[0xc92, nil]
0xc93	[0xc93, nil]
0xc94	[0xc94, nil]
0xc96	[0xc96, nil]
0xc97	[0xc97, nil]
0xc98	[0xc98, nil]
0xc9a	[0xc9a, nil]
0xc9b	[0xc9b, nil]
0xc9c	[0xc9c, nil]
0xc9d	[0xc9d, nil]
0xc9f	[0xc9f, nil]
0xca1	[0xca1, nil]
0xca2	[0xca2, nil]
0xca3	[0xca3, nil]
0xca4	[0xca4, nil]
0xca5	[0xca5, nil]
0xca6	[0xca6, nil]
0xca7	[0xca7, nil]
0xca8	[0xca8, nil]
0xca9	[0xca9, nil]
0xcaa	[0xcaa, nil]
0xcab	[0xcab, nil]
0xcac	[0xcac, nil]
0xcad	[0xcad, nil]
0xcae	[0xcae, nil]
0xcaf	[0xcaf, nil]
0xcb0	[0xcb0, nil]
0xcb1	[0xcb1, nil]
0xcb2	[0xcb2, nil]
0xcb3	[0xcb3, nil]
0xcb4	[0xcb4, nil]
0xcb5	[0xcb5, nil]
0xcb6	[0xcb6, nil]
0xcb7	[0xcb7, nil]
0xcb9	[0xcb9, nil]
0xcba	[0xcba, nil]
0xcbb	[0xcbb, nil]
0xcbc	[0xcbc, nil]
0xcbd	[0xcbd, nil]
0xcbe	[0xcbe, nil]
0xcbf	[0xcbf, nil]
0xcc0	[0xcc0, nil]
0xcc1	[0xcc1, nil]
0xcd8	[0xcd8, nil]
0xcd9	[0xcd9, nil]
0xcdb	[0xcdb, nil]
0xcdc	[0xcdc, nil]
0xcdd	[0xcdd, nil]
0xcde	[0xcde, nil]
0xcdf	[0xcdf, nil]
0xce0	[0xce0, nil]
0xce2	[0xce2, nil]
0xce3	[0xce3, nil]
0xce4	[0xce4, nil]
0xce5	[0xce5, nil]
0xce6	[0xce6, nil]
0xce7	[0xce7, nil]
0xce8	[0xce8, nil]
0xce9	[0xce9, nil]
0xcea	[0xcea, nil]
0xcec	[0xcec, nil]
0xced	[0xced, nil]
0xcee	[0xcee, nil]
0xcef	[0xcef, nil]
0xcf0	[0xcf0, nil]
0xcf1	[0xcf1, nil]
0xcf4	[0xcf4, nil]
0xcf5	[0xcf5, nil]
0xcf6	[0xcf6, nil]
0xcf7	[0xcf7, nil]
0xcf8	[0xcf8, nil]
0xcf9	[0xcf9, nil]
0xcfa	[0xcfa, nil]
0xcfb	[0xcfb, nil]
0xcfc	[0xcfc, nil]
0xcfd	[0xcfd, nil]
0xcfe	[0xcfe, nil]
0xcff	[0xcff, nil]
0xd00	[0xd00, nil]
0xd01	[0xd01, nil]
0xd03	[0xd03, nil]
0xd04	[0xd04, nil]
0xd07	[0xd07, nil]
0xd08	[0xd08, nil]
0xd09	[0xd09, nil]
0xd0a	[0xd0a, nil]
0xd0b	[0xd0b, nil]
0xd0c	[0xd0c, nil]
0xd0d	[0xd0d, nil]
0xd0e	[0xd0e, nil]
0xd0f	[0xd0f, nil]
0xd10	[0xd10, nil]
0xd11	[0xd11, nil]
0xd12	[0xd12, nil]
0xd13	[0xd13, nil]
0xd14	[0xd14, nil]
0xd16	[0xd16, nil]
0xd18	[0xd18, nil]
0xd1a	[0xd1a, nil]
0xd1b	[0xd1b, nil]
0xd1c	[0xd1c, nil]
0xd1d	[0xd1d, nil]
0xd1e	[0xd1e, nil]
0xd1f	[0xd1f, nil]
0xd20	[0xd20, nil]
0xd21	[0xd21, nil]
0xd23	[0xd23, nil]
0xd25	[0xd25, nil]
0xd26	[0xd26, nil]
0xd27	[0xd27, nil]
0xd28	[0xd28, nil]
0xd29	[0xd29, nil]
0xd2a	[0xd2a, nil]
0xd2b	[0xd2b, nil]
0xd2c	[0xd2c, nil]
0xd2d	[0xd2d, nil]
0xd2e	[0xd2e, nil]
0xd2f	[0xd2f, nil]
0xd30	[0xd30, nil]
0xd31	[0xd31, nil]
0xd32	[0xd32, nil]
0xd33	[0xd33, nil]
0xd35	[0xd35, nil]
0xd36	[0xd36, nil]
0xd37	[0xd37, nil]
0xd38	[0xd38, nil]
0xd39	[0xd39, nil]
0xd3a	[0xd3a, nil]
0xd3b	[0xd3b, nil]
0xd3c	[0xd3c, nil]
0xd3d	[0xd3d, nil]
0xd40	[0xd40, nil]
0xd41	[0xd41, nil]
0xd42	[0xd42, nil]
0xd43	[0xd43, nil]
0xd44	[0xd44, nil]
0xd45	[0xd45, nil]
0xd46	[0xd46, nil]
0xd47	[0xd47, nil]
0xd48	[0xd48, nil]
0xd49	[0xd49, nil]
0xd4c	[0xd4c, nil]
0xd4d	[0xd4d, nil]
0xd4e	[0xd4e, nil]
0xd4f	[0xd4f, nil]
0xd50	[0xd50, nil]
0xd51	[0xd51, nil]
0xd52	[0xd52, nil]
0xd53	[0xd53, nil]
0xd54	[0xd54, nil]
0xd55	[0xd55, nil]
0xd56	[0xd56, nil]
0xd57	[0xd57, nil]
0xd58	[0xd58, nil]
0xd59	[0xd59, nil]
0xd5a	[0xd5a, nil]
0xd5b	[0xd5b, nil]
0xd5d	[0xd5d, nil]
0xd5e	[0xd5e, nil]
0xd61	[0xd61, nil]
0xd62	[0xd62, nil]
0xd63	[0xd63, nil]
0xd64	[0xd64, nil]
0xd65	[0xd65, nil]
0xd66	[0xd66, nil]
0xd67	[0xd67, nil]
0xd68	[0xd68, nil]
0xd6a	[0xd6a, nil]
0xd6b	[0xd6b, nil]
0xd6c	[0xd6c, nil]
0xd6d	[0xd6d, nil]
0xd70	[0xd70, nil]
0xd71	[0xd71, nil]
0xd72	[0xd72, nil]
0xd75	[0xd75, nil]
0xd76	[0xd76, nil]
0xd77	[0xd77, nil]
0xd78	[0xd78, nil]
0xd79	[0xd79, nil]
0xd7a	[0xd7a, nil]
0xd7b	[0xd7b, nil]
0xd7c	[0xd7c, nil]
0xd7d	[0xd7d, nil]
0xd7e	[0xd7e, nil]
0xd7f	[0xd7f, nil]
0xd81	[0xd81, nil]
0xd82	[0xd82, nil]
0xd83	[0xd83, nil]
0xd84	[0xd84, nil]
0xd87	[0xd87, nil]
0xd88	[0xd88, nil]
0xd89	[0xd89, nil]
0xd8c	[0xd8c, nil]
0xd8d	[0xd8d, nil]
0xd8e	[0xd8e, nil]
0xd90	[0xd90, nil]
0xd92	[0xd92, nil]
0xd94	[0xd94, nil]
0xd95	[0xd95, nil]
0xd96	[0xd96, nil]
0xd97	[0xd97, nil]
0xd98	[0xd98, nil]
0xd9a	[0xd9a, nil]
0xd9b	[0xd9b, nil]
0xd9c	[0xd9c, nil]
0xd9d	[0xd9d, nil]
0xd9e	[0xd9e, nil]
0xd9f	[0xd9f, nil]
0xda0	[0xda0, nil]
0xda1	[0xda1, nil]
0xda2	[0xda2, nil]
0xda4	[0xda4, nil]
0xda5	[0xda5, nil]
0xda6	[0xda6, nil]
0xda7	[0xda7, nil]
0xdaa	[0xdaa, nil]
0xdab	[0xdab, nil]
0xdac	[0xdac, nil]
0xdaf	[0xdaf, nil]
0xdb0	[0xdb0, nil]
0xdb1	[0xdb1, nil]
0xdb2	[0xdb2, nil]
0xdb3	[0xdb3, nil]
0xdb4	[0xdb4, nil]
0xdb7	[0xdb7, nil]
0xdb9	[0xdb9, nil]
0xdba	[0xdba, nil]
0xdbb	[0xdbb, nil]
0xdbc	[0xdbc, nil]
0xdbf	[0xdbf, nil]
0xdc0	[0xdc0, nil]
0xdc1	[0xdc1, nil]
0xdc2	[0xdc2, nil]
0xdc3	[0xdc3, nil]
0xdc4	[0xdc4, nil]
0xdc5	[0xdc5, nil]
0xdc6	[0xdc6, nil]
0xdc7	[0xdc7, nil]
0xdc8	[0xdc8, nil]
0xdc9	[0xdc9, nil]
0xdca	[0xdca, nil]
0xdcb	[0xdcb, nil]
0xdcc	[0xdcc, nil]
0xdcd	[0xdcd, nil]
0xdce	[0xdce, nil]
0xde5	[0xde5, nil]
0xde6	[0xde6, nil]
0xde8	[0xde8, nil]
0xde9	[0xde9, nil]
0xdea	[0xdea, nil]
0xdeb	[0xdeb, nil]
0xdec	[0xdec, nil]
0xded	[0xded, nil]
0xdf0	[0xdf0, nil]
0xdf1	[0xdf1, nil]
0xdf4	[0xdf4, nil]
0xdf7	[0xdf7, nil]
0xdf8	[0xdf8, nil]
0xdf9	[0xdf9, nil]
0xdfa	[0xdfa, nil]
0xdfb	[0xdfb, nil]
0xdfc	[0xdfc, nil]
0xdfd	[0xdfd, nil]
0xdfe	[0xdfe, nil]
0xe00	[0xe00, nil]
0xe02	[0xe02, nil]
0xe04	[0xe04, nil]
0xe06	[0xe06, nil]
0xe07	[0xe07, nil]
0xe08	[0xe08, nil]
0xe09	[0xe09, nil]
0xe0a	[0xe0a, nil]
0xe0b	[0xe0b, nil]
0xe0e	[0xe0e, nil]
0xe0f	[0xe0f, nil]
0xe12	[0xe12, nil]
0xe15	[0xe15, nil]
0xe16	[0xe16, nil]
0xe17	[0xe17, nil]
0xe18	[0xe18, nil]
0xe1a	[0xe1a, nil]
0xe1b	[0xe1b, nil]
0xe1d	[0xe1d, nil]
0xe1e	[0xe1e, nil]
0xe1f	[0xe1f, nil]
0xe20	[0xe20, nil]
0xe21	[0xe21, nil]
0xe23	[0xe23, nil]
0xe24	[0xe24, nil]
0xe26	[0xe26, nil]
0xe27	[0xe27, nil]
0xe28	[0xe28, nil]
0xe29	[0xe29, nil]
0xe2c	[0xe2c, nil]
0xe2d	[0xe2d, nil]
0xe2f	[0xe2f, nil]
0xe30	[0xe30, nil]
0xe31	[0xe31, nil]
0xe32	[0xe32, nil]
0xe33	[0xe33, nil]
0xe34	[0xe34, nil]
0xe36	[0xe36, nil]
0xe39	[0xe39, nil]
0xe3c	[0xe3c, nil]
0xe3d	[0xe3d, nil]
0xe40	[0xe40, nil]
0xe41	[0xe41, nil]
0xe42	[0xe42, nil]
0xe43	[0xe43, nil]
0xe44	[0xe44, nil]
0xe45	[0xe45, nil]
0xe47	[0xe47, nil]
0xe48	[0xe48, nil]
0xe49	[0xe49, nil]
0xe4a	[0xe4a, nil]
0xe4b	[0xe4b, nil]
0xe4c	[0xe4c, nil]
0xe4d	[0xe4d, nil]
0xe4e	[0xe4e, nil]
0xe4f	[0xe4f, nil]
0xe50	[0xe50, nil]
0xe51	[0xe51, nil]
0xe52	[0xe52, nil]
0xe53	[0xe53, nil]
0xe54	[0xe54, nil]
0xe55	[0xe55, nil]
0xe56	[0xe56, nil]
0xe57	[0xe57, nil]
0xe58	[0xe58, nil]
0xe5b	[0xe5b, nil]
0xe5c	[0xe5c, nil]
0xe5e	[0xe5e, nil]
0xe5f	[0xe5f, nil]
0xe60	[0xe60, nil]
0xe61	[0xe61, nil]
0xe62	[0xe62, nil]
0xe63	[0xe63, nil]
0xe64	[0xe64, nil]
0xe65	[0xe65, nil]
0xe66	[0xe66, nil]
0xe67	[0xe67, nil]
0xe68	[0xe68, nil]
0xe69	[0xe69, nil]
0xe6c	[0xe6c, nil]
0xe6d	[0xe6d, nil]
0xe6e	[0xe6e, nil]
0xe6f	[0xe6f, nil]
0xe71	[0xe71, nil]
0xe73	[0xe73, nil]
0xe75	[0xe75, nil]
0xe76	[0xe76, nil]
0xe77	[0xe77, nil]
0xe78	[0xe78, nil]
0xe79	[0xe79, nil]
0xe7a	[0xe7a, nil]
0xe7d	[0xe7d, nil]
0xe7e	[0xe7e, nil]
0xe80	[0xe80, nil]
0xe81	[0xe81, nil]
0xe82	[0xe82, nil]
0xe83	[0xe83, nil]
0xe84	[0xe84, nil]
0xe85	[0xe85, nil]
0xe86	[0xe86, nil]
0xe88	[0xe88, nil]
0xe89	[0xe89, nil]
0xe8a	[0xe8a, nil]
0xe8b	[0xe8b, nil]
0xe8c	[0xe8c, nil]
0xe8f	[0xe8f, nil]
0xe90	[0xe90, nil]
0xe92	[0xe92, nil]
0xe93	[0xe93, nil]
0xe94	[0xe94, nil]
0xe95	[0xe95, nil]
0xe96	[0xe96, nil]
0xe97	[0xe97, nil]
0xe98	[0xe98, nil]
0xe99	[0xe99, nil]
0xe9a	[0xe9a, nil]
0xe9c	[0xe9c, nil]
0xe9f	[0xe9f, nil]
0xea2	[0xea2, nil]
0xea3	[0xea3, nil]
0xea6	[0xea6, nil]
0xea7	[0xea7, nil]
0xea8	[0xea8, nil]
0xea9	[0xea9, nil]
0xeaa	[0xeaa, nil]
0xeab	[0xeab, nil]
0xeac	[0xeac, nil]
0xead	[0xead, nil]
0xeae	[0xeae, nil]
0xeaf	[0xeaf, nil]
0xeb0	[0xeb0, nil]
0xeb1	[0xeb1, nil]
0xeb2	[0xeb2, nil]
0xeb3	[0xeb3, nil]
0xeb6	[0xeb6, nil]
0xeb7	[0xeb7, nil]
0xeb9	[0xeb9, nil]
0xeba	[0xeba, nil]
0xebb	[0xebb, nil]
0xebc	[0xebc, nil]
0xebd	[0xebd, nil]
0xec0	[0xec0, nil]
0xec1	[0xec1, nil]
0xec2	[0xec2, nil]
0xec3	[0xec3, nil]
0xec4	[0xec4, nil]
0xec5	[0xec5, nil]
0xec6	[0xec6, nil]
0xec7	[0xec7, nil]
0xeca	[0xeca, nil]
0xecb	[0xecb, nil]
0xecc	[0xecc, nil]
0xecd	[0xecd, nil]
0xece	[0xece, nil]
0xecf	[0xecf, nil]
0xed0	[0xed0, nil]
0xed1	[0xed1, nil]
0xed2	[0xed2, nil]
0xed3	[0xed3, nil]
0xed4	[0xed4, nil]
0xed5	[0xed5, nil]
0xed6	[0xed6, nil]
0xed7	[0xed7, nil]
0xeda	[0xeda, nil]
0xedb	[0xedb, nil]
0xedc	[0xedc, nil]
0xedd	[0xedd, nil]
0xede	[0xede, nil]
0xedf	[0xedf, nil]
0xee0	[0xee0, nil]
0xee1	[0xee1, nil]
0xee2	[0xee2, nil]
0xee3	[0xee3, nil]
0xee4	[0xee4, nil]
0xee5	[0xee5, nil]
0xee6	[0xee6, nil]
0xee7	[0xee7, nil]
0xee9	[0xee9, nil]
0xeea	[0xeea, nil]
0xeec	[0xeec, nil]
0xeee	[0xeee, nil]
0xeef	[0xeef, nil]
0xef0	[0xef0, nil]
0xef1	[0xef1, nil]
0xef2	[0xef2, nil]
0xef3	[0xef3, nil]
0xef6	[0xef6, nil]
0xef7	[0xef7, nil]
0xef9	[0xef9, nil]
0xefa	[0xefa, nil]
0xefb	[0xefb, nil]
0xefc	[0xefc, nil]
0xefd	[0xefd, nil]
0xefe	[0xefe, nil]
0xeff	[0xeff, nil]
0xf00	[0xf00, nil]
0xf02	[0xf02, nil]
0xf03	[0xf03, nil]
0xf04	[0xf04, nil]
0xf05	[0xf05, nil]
0xf06	[0xf06, nil]
0xf08	[0xf08, nil]
0xf0a	[0xf0a, nil]
0xf0c	[0xf0c, nil]
0xf0d	[0xf0d, nil]
0xf0e	[0xf0e, nil]
0xf0f	[0xf0f, nil]
0xf10	[0xf10, nil]
0xf11	[0xf11, nil]
0xf12	[0xf12, nil]
0xf15	[0xf15, nil]
0xf16	[0xf16, nil]
0xf18	[0xf18, nil]
0xf19	[0xf19, nil]
0xf1a	[0xf1a, nil]
0xf1b	[0xf1b, nil]
0xf1c	[0xf1c, nil]
0xf1d	[0xf1d, nil]
0xf1e	[0xf1e, nil]
0xf1f	[0xf1f, nil]
0xf20	[0xf20, nil]
0xf21	[0xf21, nil]
0xf23	[0xf23, nil]
0xf24	[0xf24, nil]
0xf25	[0xf25, nil]
0xf26	[0xf26, nil]
0xf29	[0xf29, nil]
0xf2a	[0xf2a, nil]
0xf2c	[0xf2c, nil]
0xf2d	[0xf2d, nil]
0xf2e	[0xf2e, nil]
0xf2f	[0xf2f, nil]
0xf30	[0xf30, nil]
0xf31	[0xf31, nil]
0xf34	[0xf34, nil]
0xf37	[0xf37, nil]
0xf38	[0xf38, nil]
0xf3b	[0xf3b, nil]
0xf3c	[0xf3c, nil]
0xf3d	[0xf3d, nil]
0xf3e	[0xf3e, nil]
0xf3f	[0xf3f, nil]
0xf40	[0xf40, nil]
0xf42	[0xf42, nil]
0xf43	[0xf43, nil]
0xf44	[0xf44, nil]
0xf45	[0xf45, nil]
0xf46	[0xf46, nil]
0xf47	[0xf47, nil]
0xf48	[0xf48, nil]
0xf49	[0xf49, nil]
0xf4a	[0xf4a, nil]
0xf4b	[0xf4b, nil]
0xf4c	[0xf4c, nil]
0xf4d	[0xf4d, nil]
0xf4e	[0xf4e, nil]
0xf4f	[0xf4f, nil]
0xf50	[0xf50, nil]
0xf51	[0xf51, nil]
0xf52	[0xf52, nil]
0xf53	[0xf53, nil]
0xf56	[0xf56, nil]
0xf57	[0xf57, nil]
0xf59	[0xf59, nil]
0xf5a	[0xf5a, nil]
0xf5b	[0xf5b, nil]
0xf5c	[0xf5c, nil]
0xf5d	[0xf5d, nil]
0xf5e	[0xf5e, nil]
0xf5f	[0xf5f, nil]
0xf60	[0xf60, nil]
0xf61	[0xf61, nil]
0xf62	[0xf62, nil]
0xf63	[0xf63, nil]
0xf64	[0xf64, nil]
0xf65	[0xf65, nil]
0xf68	[0xf68, nil]
0xf69	[0xf69, nil]
0xf6a	[0xf6a, nil]
0xf6b	[0xf6b, nil]
0xf6e	[0xf6e, nil]
0xf6f	[0xf6f, nil]
0xf72	[0xf72, nil]
0xf73	[0xf73, nil]
0xf74	[0xf74, nil]
0xf75	[0xf75, nil]
0xf76	[0xf76, nil]
0xf77	[0xf77, nil]
0xf78	[0xf78, nil]
0xf79	[0xf79, nil]
0xf7a	[0xf7a, nil]
0xf7b	[0xf7b, nil]
0xf7c	[0xf7c, nil]
0xf7d	[0xf7d, nil]
0xf7e	[0xf7e, nil]
0xf81	[0xf81, nil]
0xf82	[0xf82, nil]
0xf83	[0xf83, nil]
0xf85	[0xf85, nil]
0xf86	[0xf86, nil]
0xf87	[0xf87, nil]
0xf88	[0xf88, nil]
0xf89	[0xf89, nil]
0xf8a	[0xf8a, nil]
0xf8b	[0xf8b, nil]
0xf8c	[0xf8c, nil]
0xf8d	[0xf8d, nil]
0xf8e	[0xf8e, nil]
0xf8f	[0xf8f, nil]
0xf90	[0xf90, nil]
0xf91	[0xf91, nil]
0xf92	[0xf92, nil]
0xf93	[0xf93, nil]
0xf96	[0xf96, nil]
0xf97	[0xf97, nil]
0xf99	[0xf99, nil]
0xf9a	[0xf9a, nil]
0xf9b	[0xf9b, nil]
0xf9c	[0xf9c, nil]
0xf9d	[0xf9d, nil]
0xf9e	[0xf9e, nil]
0xfa1	[0xfa1, nil]
0xfa2	[0xfa2, nil]
0xfa3	[0xfa3, nil]
0xfa4	[0xfa4, nil]
0xfa5	[0xfa5, nil]
0xfa8	[0xfa8, nil]
0xfa9	[0xfa9, nil]
0xfaa	[0xfaa, nil]
0xfab	[0xfab, nil]
0xfac	[0xfac, nil]
0xfad	[0xfad, nil]
0xfae	[0xfae, nil]
0xfaf	[0xfaf, nil]
0xfb0	[0xfb0, nil]
0xfb1	[0xfb1, nil]
0xfb2	[0xfb2, nil]
0xfb3	[0xfb3, nil]
0xfb4	[0xfb4, nil]
0xfb6	[0xfb6, nil]
0xfb8	[0xfb8, nil]
0xfb9	[0xfb9, nil]
0xfba	[0xfba, nil]
0xfbb	[0xfbb, nil]
0xfbc	[0xfbc, nil]
0xfbd	[0xfbd, nil]
0xfc0	[0xfc0, nil]
0xfc1	[0xfc1, nil]
0xfc3	[0xfc3, nil]
0xfc4	[0xfc4, nil]
0xfc5	[0xfc5, nil]
0xfc6	[0xfc6, nil]
0xfc7	[0xfc7, nil]
0xfc8	[0xfc8, nil]
0xfc9	[0xfc9, nil]
0xfca	[0xfca, nil]
0xfcb	[0xfcb, nil]
0xfcc	[0xfcc, nil]
0xfcd	[0xfcd, nil]
0xfd0	[0xfd0, nil]
0xfd1	[0xfd1, nil]
0xfd3	[0xfd3, nil]
0xfd4	[0xfd4, nil]
0xfd5	[0xfd5, nil]
0xfd6	[0xfd6, nil]
0xfd8	[0xfd8, nil]
0xfd9	[0xfd9, nil]
0xfda	[0xfda, nil]
0xfdd	[0xfdd, nil]
0xfde	[0xfde, nil]
0xfdf	[0xfdf, nil]
0xfe1	[0xfe1, nil]
0xfe2	[0xfe2, nil]
0xfe3	[0xfe3, nil]
0xfe6	[0xfe6, nil]
0xfe7	[0xfe7, nil]
0xfe8	[0xfe8, nil]
0xfe9	[0xfe9, nil]
0xfea	[0xfea, nil]
0xfeb	[0xfeb, nil]
0xfec	[0xfec, nil]
0xfed	[0xfed, nil]
0xfee	[0xfee, nil]
0xfef	[0xfef, nil]
0xff0	[0xff0, nil]
0xff1	[0xff1, nil]
0xff2	[0xff2, nil]
0xff4	[0xff4, nil]
0xff6	[0xff6, nil]
0xff7	[0xff7, nil]
0xff8	[0xff8, nil]
0xff9	[0xff9, nil]
0xffa	[0xffa, nil]
0xffd	[0xffd, nil]
0xffe	[0xffe, nil]
0x1001	[0x1001, nil]
0x1004	[0x1004, nil]
0x1005	[0x1005, nil]
0x1006	[0x1006, nil]
0x1007	[0x1007, nil]
0x1009	[0x1009, nil]
0x100a	[0x100a, nil]
0x100b	[0x100b, nil]
0x100c	[0x100c, nil]
0x100d	[0x100d, nil]
0x100f	[0x100f, nil]
0x1011	[0x1011, nil]
0x1012	[0x1012, nil]
0x1013	[0x1013, nil]
0x1014	[0x1014, nil]
0x1015	[0x1015, nil]
0x1016	[0x1016, nil]
0x1019	[0x1019, nil]
0x101a	[0x101a, nil]
0x101c	[0x101c, nil]
0x101d	[0x101d, nil]
0x101e	[0x101e, nil]
0x101f	[0x101f, nil]
0x1020	[0x1020, nil]
0x1021	[0x1021, nil]
0x1022	[0x1022, nil]
0x1023	[0x1023, nil]
0x1024	[0x1024, nil]
0x1025	[0x1025, nil]
0x1026	[0x1026, nil]
0x1028	[0x1028, nil]
0x1029	[0x1029, nil]
0x102a	[0x102a, nil]
0x102b	[0x102b, nil]
0x102c	[0x102c, nil]
0x102f	[0x102f, nil]
0x1030	[0x1030, nil]
0x1033	[0x1033, nil]
0x1036	[0x1036, nil]
0x1037	[0x1037, nil]
0x1038	[0x1038, nil]
0x1039	[0x1039, nil]
0x103a	[0x103a, nil]
0x103b	[0x103b, nil]
0x1082	[0x1082, nil]
0x10aa	[0x10aa, nil]
0x10d2	[0x10d2, nil]
0x10fa	[0x10fa, nil]
0x112f	[0x112f, nil]
0x1164	[0x1164, nil]
0x1199	[0x1199, nil]
0x11ce	[0x11ce, nil]
0x1203	[0x1203, nil]
0x1238	[0x1238, nil]
0x1260	[0x1260, nil]
0x1288	[0x1288, nil]
0x12bd	[0x12bd, nil]
0x12f2	[0x12f2, nil]
0x1327	[0x1327, nil]
0x134f	[0x134f, nil]
0x1384	[0x1384, nil]
0x13b9	[0x13b9, nil]
0x13ee	[0x13ee, nil]
0x1423	[0x1423, nil]
0x1458	[0x1458, nil]
0x1083	[0x1083, nil]
0x1085	[0x1085, nil]
0x1086	[0x1086, nil]
0x1087	[0x1087, nil]
0x1088	[0x1088, nil]
0x1089	[0x1089, nil]
0x108a	[0x108a, nil]
0x10ab	[0x10ab, nil]
0x10ad	[0x10ad, nil]
0x10ae	[0x10ae, nil]
0x10af	[0x10af, nil]
0x10b0	[0x10b0, nil]
0x10b1	[0x10b1, nil]
0x10b2	[0x10b2, nil]
0x10d3	[0x10d3, nil]
0x10d5	[0x10d5, nil]
0x10d6	[0x10d6, nil]
0x10d7	[0x10d7, nil]
0x10d8	[0x10d8, nil]
0x10d9	[0x10d9, nil]
0x10da	[0x10da, nil]
0x10fb	[0x10fb, nil]
0x1100	[0x1100, nil]
0x1102	[0x1102, nil]
0x1103	[0x1103, nil]
0x1105	[0x1105, nil]
0x1106	[0x1106, nil]
0x1108	[0x1108, nil]
0x110a	[0x110a, nil]
0x110b	[0x110b, nil]
0x110d	[0x110d, nil]
0x110f	[0x110f, nil]
0x1130	[0x1130, nil]
0x1135	[0x1135, nil]
0x1137	[0x1137, nil]
0x1138	[0x1138, nil]
0x113a	[0x113a, nil]
0x113b	[0x113b, nil]
0x113d	[0x113d, nil]
0x113f	[0x113f, nil]
0x1140	[0x1140, nil]
0x1142	[0x1142, nil]
0x1144	[0x1144, nil]
0x1165	[0x1165, nil]
0x116a	[0x116a, nil]
0x116c	[0x116c, nil]
0x116d	[0x116d, nil]
0x116f	[0x116f, nil]
0x1170	[0x1170, nil]
0x1172	[0x1172, nil]
0x1174	[0x1174, nil]
0x1175	[0x1175, nil]
0x1177	[0x1177, nil]
0x1179	[0x1179, nil]
0x119a	[0x119a, nil]
0x119f	[0x119f, nil]
0x11a1	[0x11a1, nil]
0x11a2	[0x11a2, nil]
0x11a4	[0x11a4, nil]
0x11a5	[0x11a5, nil]
0x11a7	[0x11a7, nil]
0x11a9	[0x11a9, nil]
0x11aa	[0x11aa, nil]
0x11ac	[0x11ac, nil]
0x11ae	[0x11ae, nil]
0x11cf	[0x11cf, nil]
0x11d4	[0x11d4, nil]
0x11d6	[0x11d6, nil]
0x11d7	[0x11d7, nil]
0x11d9	[0x11d9, nil]
0x11da	[0x11da, nil]
0x11dc	[0x11dc, nil]
0x11de	[0x11de, nil]
0x11df	[0x11df, nil]
0x11e1	[0x11e1, nil]
0x11e3	[0x11e3, nil]
0x1204	[0x1204, nil]
0x1209	[0x1209, nil]
0x120b	[0x120b, nil]
0x120c	[0x120c, nil]
0x120e	[0x120e, nil]
0x120f	[0x120f, nil]
0x1211	[0x1211, nil]
0x1213	[0x1213, nil]
0x1214	[0x1214, nil]
0x1216	[0x1216, nil]
0x1218	[0x1218, nil]
0x1239	[0x1239, nil]
0x123b	[0x123b, nil]
0x123c	[0x123c, nil]
0x123d	[0x123d, nil]
0x123e	[0x123e, nil]
0x123f	[0x123f, nil]
0x1240	[0x1240, nil]
0x1261	[0x1261, nil]
0x1263	[0x1263, nil]
0x1264	[0x1264, nil]
0x1265	[0x1265, nil]
0x1266	[0x1266, nil]
0x1267	[0x1267, nil]
0x1268	[0x1268, nil]
0x1289	[0x1289, nil]
0x128e	[0x128e, nil]
0x1290	[0x1290, nil]
0x1291	[0x1291, nil]
0x1293	[0x1293, nil]
0x1294	[0x1294, nil]
0x1296	[0x1296, nil]
0x1298	[0x1298, nil]
0x1299	[0x1299, nil]
0x129b	[0x129b, nil]
0x129d	[0x129d, nil]
0x12be	[0x12be, nil]
0x12c3	[0x12c3, nil]
0x12c5	[0x12c5, nil]
0x12c6	[0x12c6, nil]
0x12c8	[0x12c8, nil]
0x12c9	[0x12c9, nil]
0x12cb	[0x12cb, nil]
0x12cd	[0x12cd, nil]
0x12ce	[0x12ce, nil]
0x12d0	[0x12d0, nil]
0x12d2	[0x12d2, nil]
0x12f3	[0x12f3, nil]
0x12f8	[0x12f8, nil]
0x12fa	[0x12fa, nil]
0x12fb	[0x12fb, nil]
0x12fd	[0x12fd, nil]
0x12fe	[0x12fe, nil]
0x1300	[0x1300, nil]
0x1302	[0x1302, nil]
0x1303	[0x1303, nil]
0x1305	[0x1305, nil]
0x1307	[0x1307, nil]
0x1328	[0x1328, nil]
0x132a	[0x132a, nil]
0x132b	[0x132b, nil]
0x132c	[0x132c, nil]
0x132d	[0x132d, nil]
0x132e	[0x132e, nil]
0x132f	[0x132f, nil]
0x1350	[0x1350, nil]
0x1355	[0x1355, nil]
0x1357	[0x1357, nil]
0x1358	[0x1358, nil]
0x135a	[0x135a, nil]
0x135b	[0x135b, nil]
0x135d	[0x135d, nil]
0x135f	[0x135f, nil]
0x1360	[0x1360, nil]
0x1362	[0x1362, nil]
0x1364	[0x1364, nil]
0x1385	[0x1385, nil]
0x138a	[0x138a, nil]
0x138c	[0x138c, nil]
0x138d	[0x138d, nil]
0x138f	[0x138f, nil]
0x1390	[0x1390, nil]
0x1392	[0x1392, nil]
0x1394	[0x1394, nil]
0x1395	[0x1395, nil]
0x1397	[0x1397, nil]
0x1399	[0x1399, nil]
0x13ba	[0x13ba, nil]
0x13bf	[0x13bf, nil]
0x13c1	[0x13c1, nil]
0x13c2	[0x13c2, nil]
0x13c4	[0x13c4, nil]
0x13c5	[0x13c5, nil]
0x13c7	[0x13c7, nil]
0x13c9	[0x13c9, nil]
0x13ca	[0x13ca, nil]
0x13cc	[0x13cc, nil]
0x13ce	[0x13ce, nil]
0x13ef	[0x13ef, nil]
0x13f4	[0x13f4, nil]
0x13f6	[0x13f6, nil]
0x13f7	[0x13f7, nil]
0x13f9	[0x13f9, nil]
0x13fa	[0x13fa, nil]
0x13fc	[0x13fc, nil]
0x13fe	[0x13fe, nil]
0x13ff	[0x13ff, nil]
0x1401	[0x1401, nil]
0x1403	[0x1403, nil]
0x1424	[0x1424, nil]
0x1429	[0x1429, nil]
0x142b	[0x142b, nil]
0x142c	[0x142c, nil]
0x142e	[0x142e, nil]
0x142f	[0x142f, nil]
0x1431	[0x1431, nil]
0x1433	[0x1433, nil]
0x1434	[0x1434, nil]
0x1436	[0x1436, nil]
0x1438	[0x1438, nil]
0x1459	[0x1459, nil]
0x145e	[0x145e, nil]
0x1460	[0x1460, nil]
0x1461	[0x1461, nil]
0x1463	[0x1463, nil]
0x1464	[0x1464, nil]
0x1466	[0x1466, nil]
0x1468	[0x1468, nil]
0x1469	[0x1469, nil]
0x146b	[0x146b, nil]
0x146d	[0x146d, nil]
0x14b5	[0x14b5, nil]
0x14dd	[0x14dd, nil]
0x1505	[0x1505, nil]
0x152b	[0x152b, nil]
0x1551	[0x1551, nil]
0x1577	[0x1577, nil]
0x159d	[0x159d, nil]
0x15c1	[0x15c1, nil]
0x15e5	[0x15e5, nil]
0x1609	[0x1609, nil]
0x162d	[0x162d, nil]
0x14b6	[0x14b6, nil]
0x14b8	[0x14b8, nil]
0x14b9	[0x14b9, nil]
0x14ba	[0x14ba, nil]
0x14bb	[0x14bb, nil]
0x14bc	[0x14bc, nil]
0x14bd	[0x14bd, nil]
0x14de	[0x14de, nil]
0x14e0	[0x14e0, nil]
0x14e1	[0x14e1, nil]
0x14e2	[0x14e2, nil]
0x14e3	[0x14e3, nil]
0x14e4	[0x14e4, nil]
0x14e5	[0x14e5, nil]
0x1506	[0x1506, nil]
0x1507	[0x1507, nil]
0x1508	[0x1508, nil]
0x1509	[0x1509, nil]
0x150a	[0x150a, nil]
0x150b	[0x150b, nil]
0x152c	[0x152c, nil]
0x152d	[0x152d, nil]
0x152e	[0x152e, nil]
0x152f	[0x152f, nil]
0x1530	[0x1530, nil]
0x1531	[0x1531, nil]
0x1552	[0x1552, nil]
0x1553	[0x1553, nil]
0x1554	[0x1554, nil]
0x1555	[0x1555, nil]
0x1556	[0x1556, nil]
0x1557	[0x1557, nil]
0x1578	[0x1578, nil]
0x1579	[0x1579, nil]
0x157a	[0x157a, nil]
0x157b	[0x157b, nil]
0x157c	[0x157c, nil]
0x157d	[0x157d, nil]
0x159e	[0x159e, nil]
0x15a1	[0x15a1, nil]
0x15c2	[0x15c2, nil]
0x15c5	[0x15c5, nil]
0x15e6	[0x15e6, nil]
0x15e9	[0x15e9, nil]
0x160a	[0x160a, nil]
0x160d	[0x160d, nil]
0x162e	[0x162e, nil]
0x162f	[0x162f, nil]
0x1630	[0x1630, nil]
0x1631	[0x1631, nil]
0x1632	[0x1632, nil]
0x1633	[0x1633, nil]
0x1634	[0x1e, nil]
0x1634	[0x1643, nil]
0x1635	[0x1e, nil]
0x1635	[0x1643, nil]
0x1636	[0x29, nil]
0x1636	[0x1646, nil]
0x1637	[0x29, nil]
0x1637	[0x1646, nil]
0x1638	[0x34, nil]
0x1638	[0x1649, nil]
0x1639	[0x34, nil]
0x1639	[0x1649, nil]
0x163a	[0x3f, nil]
0x163a	[0x164c, nil]
0x163b	[0x3f, nil]
0x163b	[0x164c, nil]
0x163c	[0x4a, nil]
0x163c	[0x164f, nil]
0x163d	[0x4a, nil]
0x163d	[0x164f, nil]
0x163e	[0x55, nil]
0x163e	[0x1652, nil]
0x163f	[0x55, nil]
0x163f	[0x1652, nil]
0x8d0x65	[0x8d, nil]
0x8d0xa3	[0x8d, nil]
0x8d0x127	[0x8d, nil]
0x148d0x65	[0x148d, nil]
0x148d0xa3	[0x148d, nil]
0x148d0x127	[0x148d, nil]
0x8e0x65	[0x8e, nil]
0x900x65	[0x90, nil]
0x910x65	[0x91, nil]
0x940x65	[0x94, nil]
0x950x65	[0x95, nil]
0x960x65	[0x96, nil]
0x990x65	[0x99, nil]
0x8e0xa3	[0x8e, nil]
0x900xa3	[0x90, nil]
0x910xa3	[0x91, nil]
0x940xa3	[0x94, nil]
0x950xa3	[0x95, nil]
0x960xa3	[0x96, nil]
0x990xa3	[0x99, nil]
0x8e0x127	[0x8e, nil]
0x900x127	[0x90, nil]
0x910x127	[0x91, nil]
0x940x127	[0x94, nil]
0x950x127	[0x95, nil]
0x960x127	[0x96, nil]
0x990x127	[0x99, nil]
0x148e0x65	[0x148e, nil]
0x14900x65	[0x1490, nil]
0x14910x65	[0x1491, nil]
0x14920x65	[0x1492, nil]
0x14930x65	[0x1493, nil]
0x14940x65	[0x1494, nil]
0x14950x65	[0x1495, nil]
0x148e0xa3	[0x148e, nil]
0x14900xa3	[0x1490, nil]
0x14910xa3	[0x1491, nil]
0x14920xa3	[0x1492, nil]
0x14930xa3	[0x1493, nil]
0x14940xa3	[0x1494, nil]
0x14950xa3	[0x1495, nil]
0x148e0x127	[0x148e, nil]
0x14900x127	[0x1490, nil]
0x14910x127	[0x1491, nil]
0x14920x127	[0x1492, nil]
0x14930x127	[0x1493, nil]
0x14940x127	[0x1494, nil]
0x14950x127	[0x1495, nil]
